:020000040800F2
:100000000000022015C90008E5660008ED6600083A
:10001000F5660008FD66000805670008000000009E
:100020000000000000000000000000000D67000854
:100030001B670008000000002967000837670008F8
:1000400065C9000865C9000865C9000865C90008D8
:1000500065C9000865C9000865C9000865C90008C8
:1000600065C9000865C9000865C90008456700083A
:1000700065C9000865C9000865C9000865C90008A8
:100080005967000865C9000865C90008000000003C
:1000900000000000000000000000000065C900082A
:1000A00065C9000865C9000865C9000865C9000878
:1000B00065C9000865C9000865C9000865C9000868
:1000C00065C9000865C9000865C9000865C9000858
:1000D00065C900086D67000881670008000000001E
:1000E00065C9000865C9000865C90008000000006E
:1000F00000000000000000000000000065C90008CA
:100100000000000065C9000865C9000865C900084D
:1001100000000000000000000000000000000000DF
:1001200065C9000895670008A967000865C9000847
:1001300065C9000800000000000000000000000089
:1001400000000000000000000000000065C9000879
:1001500065C9000865C9000865C90008BD670008D1
:1001600065C9000865C90008000000000000000023
:10017000000000000000000000000000000000007F
:100180000000000065C90008000000000000000039
:0801900065C9000865C90008FB
:1001A00010B5054C237833B9044B13B10448AFF3B1
:1001B00000800123237010BDE00400200000000037
:1001C000380D010808B5034B1BB103490348AFF3D1
:1001D000008008BD00000000E4040020380D010884
:1001E00010F8012B11F8013B012A28BF9A42F7D0E1
:1001F000D01A7047034613F8012B002AFBD1181AB6
:1002000001387047000000000000000000000000FE
:1002100001F0FF01102A2BDB10F0070F08D010F8B7
:10022000013B013A8B422DD010F0070F42B3F6D1BB
:10023000F0B441EA012141EA014122F007047FF0D4
:1002400000070023F0E80256083C85EA010586EA2B
:10025000010685FA47F5A3FA87F586FA47F6A5FA67
:1002600087F68EB9EED1F0BC01F0FF0102F0070273
:1002700032B110F8013B013A83EA010313B1F8D11E
:100280000020704701387047002D06BF35460338FF
:10029000073815F0010F07D1013015F4807F02BF38
:1002A000013015F4C03F0130F0BC0138704700BF89
:1002B00081F0004102E000BF83F0004330B54FEA17
:1002C00041044FEA430594EA050F08BF90EA020F84
:1002D0001FBF54EA000C55EA020C7FEA645C7FEA17
:1002E000655C00F0E2804FEA5454D4EB5555B8BF3A
:1002F0006D420CDD2C4480EA020281EA030382EAAB
:10030000000083EA010180EA020281EA0303362D3C
:1003100088BF30BD11F0004F4FEA01314FF4801C0F
:100320004CEA113102D0404261EB410113F0004F21
:100330004FEA03334CEA133302D0524263EB4303D8
:1003400094EA050F00F0A780A4F10104D5F1200E76
:100350000DDB02FA0EFC22FA05F2801841F10001D1
:1003600003FA0EF2801843FA05F359410EE0A5F1A5
:1003700020050EF1200E012A03FA0EFC28BF4CF0D6
:10038000020C43FA05F3C01851EBE37101F000458C
:1003900007D54FF0000EDCF1000C7EEB00006EEB99
:1003A0000101B1F5801F1BD3B1F5001F0CD3490823
:1003B0005FEA30004FEA3C0C04F101044FEA44527A
:1003C00012F5800F80F09A80BCF1004F08BF5FEA01
:1003D000500C50F1000041EB045141EA050130BDE1
:1003E0005FEA4C0C404141EB0101013C28BFB1F5F3
:1003F000801FE9D291F0000F04BF01460020B1FA3E
:1004000081F308BF2033A3F10B03B3F120020CDA10
:100410000C3208DD02F1140CC2F10C0201FA0CF0EE
:1004200021FA02F10CE002F11402D8BFC2F1200C53
:1004300001FA02F120FA0CFCDCBF41EA0C01904009
:10044000E41AA2BF01EB0451294330BD6FEA040452
:100450001F3C1CDA0C340EDC04F11404C4F120023D
:1004600020FA04F001FA02F340EA030021FA04F34F
:1004700045EA030130BDC4F10C04C4F1200220FAA6
:1004800002F001FA04F340EA0300294630BD21FAE4
:1004900004F0294630BD94F0000F83F4801306BFAA
:1004A00081F480110134013D4EE77FEA645C18BF9E
:1004B0007FEA655C29D094EA050F08BF90EA020F35
:1004C00005D054EA000C04BF1946104630BD91EA2D
:1004D000030F1EBF0021002030BD5FEA545C05D130
:1004E0004000494128BF41F0004130BD14F580046F
:1004F0003CBF01F5801130BD01F0004545F0FE41E3
:1005000041F470014FF0000030BD7FEA645C1ABF17
:10051000194610467FEA655C1CBF0B46024650EA4E
:10052000013406BF52EA033591EA030F41F400217A
:1005300030BD00BF90F0000F04BF0021704730B500
:100540004FF4806404F132044FF000054FF00001D5
:1005500050E700BF90F0000F04BF0021704730B596
:100560004FF4806404F1320410F0004548BF40426B
:100570004FF000013EE700BF42004FEAE2014FEAC0
:1005800031014FEA02701FBF12F07F4393F07F4F9B
:1005900081F06051704732F07F4208BF704793F09E
:1005A0007F4F04BF41F40021704730B54FF46074B1
:1005B00001F0004521F000411CE700BF50EA0102B4
:1005C00008BF704730B54FF000050AE050EA01025D
:1005D00008BF704730B511F0004502D5404261EBCD
:1005E00041014FF4806404F132045FEA915C3FF40E
:1005F000D8AE4FF003025FEADC0C18BF03325FEAAB
:10060000DC0C18BF033202EBDC02C2F1200300FA5B
:1006100003FC20FA02F001FA03FE40EA0E0021FA80
:1006200002F11444BDE600BF70B54FF0FF0C4CF46E
:10063000E06C1CEA11541DBF1CEA135594EA0C0F20
:1006400095EA0C0F00F0DEF82C4481EA030621EA5B
:100650004C5123EA4C5350EA013518BF52EA033596
:1006600041F4801143F4801338D0A0FB02CE4FF048
:100670000005E1FB02E506F00042E0FB03E54FF078
:100680000006E1FB03569CF0000F18BF4EF0010E70
:10069000A4F1FF04B6F5007F64F5407404D25FEA6C
:1006A0004E0E6D4146EB060642EAC62141EA55511F
:1006B0004FEAC52040EA5E504FEACE2EB4F1FD0C61
:1006C00088BFBCF5E06F1ED8BEF1004F08BF5FEADF
:1006D000500E50F1000041EB045170BD06F0004691
:1006E00046EA010140EA020081EA0301B4EB5C043E
:1006F000C2BFD4EB0C0541EA045170BD41F4801136
:100700004FF0000E013C00F3AB8014F1360FDEBF5A
:10071000002001F0004170BDC4F10004203C35DA36
:100720000C341BDC04F11404C4F1200500FA05F3B9
:1007300020FA04F001FA05F240EA020001F000425A
:1007400021F0004110EBD37021FA04F642EB0601D0
:100750005EEA430E08BF20EAD37070BDC4F10C04FA
:10076000C4F1200500FA04F320FA05F001FA04F2BE
:1007700040EA020001F0004110EBD37041F10001AA
:100780005EEA430E08BF20EAD37070BDC4F12005B5
:1007900000FA05F24EEA020E20FA04F301FA05F21D
:1007A00043EA020321FA04F001F0004121FA04F2C5
:1007B00020EA020000EBD3705EEA430E08BF20EA95
:1007C000D37070BD94F0000F0FD101F000464000CF
:1007D00041EB010111F4801F08BF013CF7D041EA51
:1007E000060195F0000F18BF704703F00046520055
:1007F00043EB030313F4801F08BF013DF7D043EA26
:100800000603704794EA0C0F0CEA135518BF95EADB
:100810000C0F0CD050EA410618BF52EA4306D1D162
:1008200081EA030101F000414FF0000070BD50EA81
:10083000410606BF1046194652EA430619D094EA0B
:100840000C0F02D150EA013613D195EA0C0F05D1F5
:1008500052EA03361CBF104619460AD181EA030149
:1008600001F0004141F0FE4141F470014FF0000001
:1008700070BD41F0FE4141F4780170BD70B54FF09C
:10088000FF0C4CF4E06C1CEA11541DBF1CEA13551C
:1008900094EA0C0F95EA0C0F00F0A7F8A4EB0504FE
:1008A00081EA030E52EA03354FEA013100F08880F5
:1008B0004FEA03334FF0805545EA131343EA1263BE
:1008C0004FEA022245EA111545EA10654FEA002673
:1008D0000EF000419D4208BF964244F1FD0404F52C
:1008E000407402D25B084FEA3202B61A65EB030588
:1008F0005B084FEA32024FF480104FF4002CB6EB45
:10090000020E75EB030E22BFB61A754640EA0C00C4
:100910005B084FEA3202B6EB020E75EB030E22BF04
:10092000B61A754640EA5C005B084FEA3202B6EB45
:10093000020E75EB030E22BFB61A754640EA9C0004
:100940005B084FEA3202B6EB020E75EB030E22BFD4
:10095000B61A754640EADC0055EA060E18D04FEA92
:10096000051545EA16754FEA06164FEAC30343EA32
:1009700052734FEAC2025FEA1C1CC0D111F4801FFF
:100980000BD141EA00014FF000004FF0004CB6E7F8
:1009900011F4801F04BF01430020B4F1FD0C88BF97
:1009A000BCF5E06F3FF6AFAEB5EB030C04BFB6EBA2
:1009B000020C5FEA500C50F1000041EB045170BD95
:1009C0000EF0004E4EEA113114EB5C04C2BFD4EBC2
:1009D0000C0541EA045170BD41F480114FF0000E46
:1009E000013C90E645EA060E8DE60CEA135594EAC2
:1009F0000C0F08BF95EA0C0F3FF43BAF94EA0C0FC5
:100A00000AD150EA01347FF434AF95EA0C0F7FF439
:100A100025AF104619462CE795EA0C0F06D152EA8D
:100A200003353FF4FDAE1046194622E750EA410671
:100A300018BF52EA43067FF4C5AE50EA41047FF482
:100A40000DAF52EA43057FF4EBAE12E74FF0FF3CE7
:100A500006E000BF4FF0010C02E000BF4FF0010CB8
:100A60004DF804CD4FEA410C7FEA6C5C4FEA430C31
:100A700018BF7FEA6C5C1BD001B050EA410C0CBF80
:100A800052EA430C91EA030F02BF90EA020F0020E2
:100A9000704710F1000F91EA030F58BF994208BF49
:100AA00090422CBFD8176FEAE37040F00100704706
:100AB0004FEA410C7FEA6C5C02D150EA013C07D15D
:100AC0004FEA430C7FEA6C5CD6D152EA033CD3D0A8
:100AD0005DF8040B704700BF8446104662468C46A2
:100AE0001946634600E000BF01B5FFF7B7FF0028D5
:100AF00048BF10F1000F01BD4DF808EDFFF7F4FFFE
:100B00000CBF012000205DF808FB00BF4DF808ED88
:100B1000FFF7EAFF34BF012000205DF808FB00BFAB
:100B20004DF808EDFFF7E0FF94BF012000205DF8CD
:100B300008FB00BF4DF808EDFFF7CEFF94BF012082
:100B400000205DF808FB00BF4DF808EDFFF7C4FF7B
:100B500034BF012000205DF808FB00BF4FEA410CC4
:100B60007FEA6C5C02D150EA013C0AD14FEA430CA7
:100B70007FEA6C5C02D152EA033C02D14FF00000E4
:100B800070474FF0010070474A0011D212F5001271
:100B900011D20DD56FF47873B3EB62520ED44FEAD5
:100BA000C12343F0004343EA505323FA02F0704755
:100BB0004FF00000704750EA013002D14FF0FF3093
:100BC00070474FF0000070474FEA4102B2F1E04336
:100BD00024BFB3F5001CDCF1FE5C0DD901F0004C24
:100BE0004FEAC0024CEA5070B2F1004F40EB830074
:100BF00008BF20F00100704711F0804F21D113F1A0
:100C00003872BCBF01F00040704741F480114FEAD8
:100C10005252C2F11802C2F1200C10FA0CF320FA61
:100C200002F018BF40F001004FEAC1234FEAD3237E
:100C300003FA0CFC40EA0C0023FA02F34FEA4303E8
:100C4000CCE77FEA625307D150EA01331EBF4FF071
:100C5000FE4040F44000704701F0004040F0FE408C
:100C600040F40000704700BF53B94AB9002908BFDB
:100C700000281CBF4FF0FF314FF0FF3000F0BEB92D
:100C8000ADF1080C6DE904CE00F03CF8DDF804E0AD
:100C9000DDE9022304B0704738B500220023044682
:100CA0000D46FFF733FF28B920462946BDE83840F6
:100CB00000F00AB8204605F1004100F005F8404276
:100CC00061EB410138BD00BFD0B50C4B0022064698
:100CD0000F46FFF7A9FCFFF757FF0446FFF72AFC72
:100CE000074B0022FFF7A0FC02460B463046394670
:100CF000FFF7E2FAFFF748FF2146D0BD0000F03DC4
:100D00000000F0412DE9F047089D0F4604468C464F
:100D1000002B48D18A42164661D9B2FA82F34BB110
:100D2000C3F1200201FA03FC20FA02F29E4042EADB
:100D30000C0C9C404FEA164EB7B2BCFBFEF1220CE5
:100D40000EFB11CC42EA0C4201FB07F0904209D99C
:100D5000B21801F1FF3C80F0EE80904240F2EB804F
:100D600002393244121AA4B2B2FBFEF00EFB10227A
:100D700044EA024400FB07F7A74209D9341900F1FD
:100D8000FF3280F0DA80A74240F2D7803444023844
:100D900040EA0140E41B00211DB1DC400023C5E90D
:100DA0000043BDE8F0878B4206D90DB1C5E90001CB
:100DB00000210846BDE8F087B3FA83F1002948D145
:100DC000BB4202D3824200F20781841A67EB03021E
:100DD00001209446002DE4D0C5E9004CE1E7002A4B
:100DE00000F09280B2FA82F3002B40F0A8808A1AB9
:100DF0004FEA164E1FFA86FC0121200CB2FBFEF7CB
:100E00000EFB172240EA02420CFB07F0904207D982
:100E1000B21807F1FF3802D2904200F2E280474652
:100E2000121AA4B2B2FBFEF00EFB102244EA0244F6
:100E30000CFB00FCA44507D9341900F1FF3202D2A3
:100E4000A44500F2CB801046A4EB0C0440EA074016
:100E5000A2E7C1F120068B4022FA06FC4CEA030C03
:100E600007FA01F420FA06F3F7404FEA1C4923433E
:100E700000FA01F81FFA8CFEB7FBF9F01C0C09FB15
:100E8000107744EA074400FB0EF7A74202FA01F28A
:100E90000AD91CEB040400F1FF3A80F09B80A742C2
:100EA00040F2988002386444E41B9FB2B4FBF9F32B
:100EB00009FB134447EA044403FB0EFEA64509D987
:100EC0001CEB040403F1FF3780F08280A6457FD934
:100ED000023B644443EA0040A4EB0E04A0FB02E79B
:100EE000BC427346B94663D360D05DB1B8EB030230
:100EF00064EB090404FA06F622FA01F31E43CC401F
:100F0000C5E9006400214CE76208480842EAC17163
:100F10000B0C43EA00438AB242EA0342B3FBF6F108
:100F2000E407B4463746B6461F23B0FBF6F0D21BA3
:100F300041EA004161E7614614E7104628E7C3F142
:100F4000200120FA01F29E4027FA01F19F403A4326
:100F50004FEA164E1FFA86FCB1FBFEF70EFB171088
:100F6000110C41EA004107FB0CF8884504FA03F430
:100F70003AD9711807F1FF3001D288451FD8A1EB8B
:100F80000801B1FBFEF808FB0CF70EFB181192B23A
:100F900042EA0142BA422FD2B21808F1FF31C6D25A
:100FA000BA42C4D2A8F102013244C0E7F0459CD253
:100FB000BEEB020367EB0C070138B94695E7A6EBD9
:100FC00008084144B81EB1FBFEF808FB0CF7DCE74B
:100FD0003B467FE7504667E70846FBE63444023865
:100FE00032E7023F32441BE7A1EB08013846B1FB70
:100FF000FEF808FB0CF7C8E7414698E7704700BFCA
:1010000080B500AF11480AF0B1FA4FF48072104970
:101010000E480AF02AFB0346002B0BD00B480AF0BF
:10102000C3F90A480AF070F94FF48072084907487A
:101030000AF01BFB054BDB6B1B681A68034BDB6B71
:101040001B6822F008021A6000BF80BD240C00203B
:10105000FC0400202DE9B043B2B006AF7860786898
:10106000FFF7C8F8C7F8AC000BE0D7F8AC30013B8D
:101070007A68134400221A70D7F8AC30013BC7F8E5
:10108000AC30D7F8AC30002B0FD0D7F8AC30013BE8
:101090007A6813441B780D2BE7D0D7F8AC30013BAE
:1010A0007A6813441B780A2BDFD0D7F8AC30002BBA
:1010B00000F08881C44978680CF022FCC7F8A800C9
:1010C000D7F8A830002B00F0CB80C049D7F8A80093
:1010D000FFF786F80346002B40F0C280BA49002093
:1010E0000CF00EFCC7F8A400B74900200CF008FC77
:1010F000C7F8A000B44900200CF002FCC7F89C001F
:10110000B14900200CF0FCFBC7F89800D7F8A430D8
:10111000002B00F07781D7F8A030002B00F072810F
:10112000D7F89C30002B00F06D81D7F89830002B59
:1011300000F068810021D7F8A0000CF011FA87EDCB
:10114000250A0021D7F89C000CF00AFA87ED240A42
:101150000021D7F898000CF003FA87ED230A9C4988
:10116000D7F8A400FFF73CF80346002B1DD1994A9D
:10117000D7F894301360974AD7F890305360954A67
:10118000D7F88C309360944AD7F894301360924A21
:10119000D7F890305360904AD7F88C3093604FF472
:1011A00000518E4807F01DF832E08D49D7F8A400B1
:1011B000FFF716F80346002B11D18A4AD7F894306E
:1011C0001360884AD7F890305360864AD7F88C303D
:1011D00093604FF40051814807F003F818E082490A
:1011E000D7F8A400FEF7FCFF0346002B10D17F4A7E
:1011F000D7F8943013607D4AD7F8903053607B4A1B
:10120000D7F88C3093604FF40051744806F0E9FF32
:10121000774B93F84130DBB2202B40F0F380D7F8C6
:101220009400FFF7A9F902460B4607F10C00CDE93F
:101230000023D7F8A4306F4A40210CF0B9FAC7F860
:101240008800D7F88830002B40F3DC80D7F888304E
:101250009AB207F10C010A2365480AF0D7F8D1E0E9
:10126000D7F8A830002B00F099806349D7F8A80080
:10127000FEF7B6FF0346002B40F090805249002055
:101280000CF03EFBC7F884004F4900200CF038FBFF
:10129000C7F880004C4900200CF032FBF8674A493F
:1012A00000200CF02DFBB867474900200CF028FB0C
:1012B0007867D7F88430002B00F0A680D7F880300C
:1012C000002B00F0A180FB6F002B00F09D80BB6F16
:1012D000002B00F099807B6F002B00F0958000219F
:1012E000D7F884000CF03CF987ED1C0A0021D7F8F0
:1012F00080000CF035F987ED1B0A0021F86F0CF027
:101300002FF987ED1A0A0021B86F0CF029F987ED43
:10131000190A0021786F0CF023F987ED180A97ED70
:10132000182AD7ED191A97ED1A1AD7ED1B0A97ED5F
:101330001C0A00F0ADFC4FF40051284806F051FFA4
:101340002B4B93F84130DBB2202B5DD1386FFFF788
:1013500013F904460D46F86EFFF70EF980468946EC
:10136000786EFFF709F902460B4607F10C00CDE94C
:101370000423CDE90289CDE90045204A50210CF033
:1013800017FAF865FB6D002B3EDDFB6D9AB207F195
:101390000C010A2316480AF039F835E0D7F8A830CE
:1013A000002B32D01649D7F8A800FEF719FF0346E4
:1013B000002B2AD100F048FC4FF40051074806F0FA
:1013C00010FF22E000BF20E0500D0108540D01087D
:1013D000580D01084C02002088020020000802403D
:1013E0005C0D0108C4020020640D010810020020F9
:1013F000240C0020680D0108800D0108880D0108EB
:10140000AC0D010800BF00E000BFB037BD46BDE82D
:10141000B08300BF80B582B000AF0346FB71FB799B
:101420000D2B36D0FB790A2B1AD11C4B1B881A4680
:101430001B4B002199541B4B1B78DBB2002B0BD1AB
:101440008022174918480CF047FA174B002283F8FE
:101450007F20144B01221A70104B00221A8019E0D1
:10146000FB791F2B16D9FB797E2B13D80B4B1B88CE
:101470007E2B0AD8094B1B885A1C91B2074A11804F
:101480001946074AFB79535404E0044B00221A80A2
:1014900000E000BF0837BD4680BD00BF7C060020CD
:1014A000FC050020000700208006002080B500AF6A
:1014B000FFF7A6FD00BF80BD80B5A0B000AF0E4B0A
:1014C0001B78DBB2002B13D072B600BF3B468022E4
:1014D0000A4918460CF000FA002387F87F30064BC3
:1014E00000221A7062B600BF3B461846FFF7B2FDF5
:1014F00000BF8037BD4680BD000700208006002069
:1015000080B584B000AF78600B467B807B681B6839
:101510000C4A934211D10023FB8108E0FB890A4A5F
:10152000D35C1846FFF776FFFB890133FB81FA890C
:101530007B889A42F2D3FFF763FD00BF1037BD46A8
:1015400080BD00BF00100140FC04002080B584B0C5
:1015500000AF78607B681B680A4A93420DD10A4845
:101560000AF004F87B681B681B68FB607B681B68DB
:101570005B68FB60FB68FFF743FD00BF1037BD46AB
:1015800080BD00BF00100140240C00202DE9B04FA9
:101590008AB008AF1F4B93F84130DBB2202B34D117
:1015A0001D4BDB681846FEF7E7FF04460D461A4B55
:1015B0001B691846FEF7E0FF80468946164B5B69BB
:1015C0001846FEF7D9FF82468B46144B1B68184617
:1015D000FEF7D2FF02460B46CDE90623CDE904AB68
:1015E000CDE90289CDE900450D4A80210D480CF076
:1015F000DFF878607B68002B08DD7B689AB20A23ED
:101600000849044809F002FF00E000BF0837BD4662
:10161000BDE8B08F240C0020340100200803002016
:10162000B40D01080407002080B485B000AF87ED39
:10163000030AC7ED020A87ED011A97ED037AD7ED89
:10164000017AB4EEE77AF1EE10FA01DD7B680BE087
:1016500097ED037AD7ED027AB4EEE77AF1EE10FA5D
:1016600001D5BB6800E0FB6807EE903AB0EE670A70
:101670001437BD465DF8047B7047000080B582B02A
:1016800000AF87ED010AD7ED017AB7EE087AF4EEE4
:10169000C77AF1EE10FA07DDD7ED017A9FED0A7AED
:1016A00067EE877AC7ED017AB7EE001ADFED070A19
:1016B00097ED010AFFF7B8FFF0EE407AB0EE670A47
:1016C0000837BD4680BD00BF8180803B0000000020
:1016D00080B500AF0C4801F088F80C4801F085F89F
:1016E0000B4801F082F80B4801F07FF80A4B4FF0ED
:1016F00000021A62084B4FF000025A62064B0022A9
:1017000083F8352000BF80BD000000203C00002091
:1017100078000020B40000208407002080B500AFCE
:10172000054B002283F83420034B044A1A63FFF769
:10173000CFFF00BF80BD00BF840700209A99193EEB
:1017400080B500AF0C4B1B680B4A93600A4B5B687B
:10175000094AD360084B012283F83520074801F07D
:1017600044F8074801F041F8064801F03EF8064801
:1017700001F03BF800BF80BD84070020000000207E
:101780003C00002078000020B400002080B582B02A
:1017900000AF87ED010AD7ED017AF5EEC07AF1EEE0
:1017A00010FA20D9124BD3ED0C7AB2EE047AF4EE93
:1017B000C77AF1EE10FA09D50D4B93ED0C7AD7EDFF
:1017C000017A77EE277A0A4BC3ED0C7A084BD3EDFA
:1017D0000C7A9FED087AF4EEC77AF1EE10FA03DD89
:1017E000FFF79CFF00E000BF0837BD4680BD00BF8B
:1017F000840700209A99193E80B58CB000AF87ED20
:10180000010AD7ED017A9FED667AF4EEC77AF1EE20
:1018100010FA01D5634B7B60634B93ED027A624B08
:10182000D3ED007A77EE677AB7EE081AFFEE080A72
:10183000B0EE670AFFF7F8FE87ED0B0A5A4B93EDFF
:10184000037A594BD3ED017A77EE677AB7EE081A2F
:10185000FFEE080AB0EE670AFFF7E6FE87ED0A0A18
:1018600097ED011ADFED510A97ED0B0A504800F091
:10187000E3FF97ED011ADFED4D0A97ED0A0A4D4897
:1018800000F0DAFF4A4BD3ED0E7A474B93ED067A20
:1018900097ED011AF0EE470AB0EE670A464801F0EC
:1018A0008FF8444BD3ED0E7A3F4B93ED077A97EDCB
:1018B000011AF0EE470AB0EE670A404801F080F8DE
:1018C0003F4BD3ED057A9FED3F7A67EE877AC7ED00
:1018D000097A97ED090A0EF041F987ED080A97EDAC
:1018E000090A0EF07BF987ED070A334B9B6BBB614E
:1018F000324B9B6B7B6197ED087AD7ED067A27EE2A
:10190000277AD7ED076AD7ED057A66EEA77A77EEE4
:10191000277AC7ED047AD7ED077AB1EE677AD7ED6B
:10192000067A27EE277AD7ED086AD7ED057A66EEB4
:10193000A77A77EE277AC7ED037A204BD3ED0B7A9F
:10194000F1EE677A1D4B93ED0B7AB0EE471AF0EE8D
:10195000670A97ED030AFFF767FEF0EE407A124B35
:10196000C3ED087AD7ED047AB1EE677A124BD3ED66
:101970000B7AF1EE677A104BD3ED0B6AB0EE661A74
:10198000F0EE670AB0EE470AFFF74EFEF0EE407A3F
:10199000054BC3ED097A00BF3037BD4680BD00BF9F
:1019A00017B7D13817B7D1388407002000000000DE
:1019B000000000203C00002078000020B40000203F
:1019C0003401002035FA8E3C80B487B000AF87ED3B
:1019D000030AB8607960BB68D3ED007A97ED037AAB
:1019E00037EE677ABB680433D3ED007A37EE677A57
:1019F000BB680833D3ED007A77EE677A7B68C3ED76
:101A0000007ABB68D3ED007A97ED037A37EE677AF8
:101A1000BB680433D3ED007A37EE277ABB6808330E
:101A2000D3ED007A7B68043377EE277AC3ED007A32
:101A3000BB6893ED007AD7ED037A37EE277ABB685F
:101A40000433D3ED007A37EE277ABB680833D3ED41
:101A5000007A7B68083377EE677AC3ED007ABB685B
:101A600093ED007AD7ED037A37EE277ABB6804331B
:101A7000D3ED007A37EE677ABB680833D3ED007A8E
:101A80007B680C3377EE277AC3ED007A00237B6105
:101A900028E07B699B007A681344D3ED007A9FEDC0
:101AA000167AF4EEC77AF1EE10FA05DD7B699B0039
:101AB0007A681344114A1A607B699B007A68134460
:101AC000D3ED007A9FED0E7AF4EEC77AF1EE10FABC
:101AD00005D57B699B007A6813440A4A1A607B69C2
:101AE00001337B617B69032BD3DD00BF00BF1C3753
:101AF000BD465DF8047B70470040E7440040E74482
:101B0000008089440080894480B483B000AF214BB9
:101B10001B78002B27D000237B6010E01E4A7B68D7
:101B20009B001344D3ED007AFCEEE77A17EE901A8F
:101B30001A4A7B6842F823107B6801337B607B681C
:101B4000032BEBDD164A154B5B685363144A134BAA
:101B50001B689363134A114BDB685363114A0F4BA5
:101B60009B6893630FE00E4B4FF47A725A630C4BF1
:101B70004FF47A729A630B4B4FF47A725A63094BA3
:101B80004FF47A729A6300BF0C37BD465DF8047B50
:101B9000704700BF500A0020780A0020880A002001
:101BA000000400400008004080B500AF002110484C
:101BB00008F030FE04210E4808F02CFE00210D48EC
:101BC00008F028FE04210B4808F024FE0A4B4FF4CD
:101BD0007A725A63084B4FF47A729A63074B4FF448
:101BE0007A725A63054B4FF47A729A6300BF80BDD4
:101BF000940B0020DC0B0020000400400008004093
:101C000080B500AF0A4800F0F0FD0A4800F0EDFD95
:101C1000094800F0EAFD094800F0E7FD084800F037
:101C2000E4FD084800F0E1FD00F00EF800BF80BDC3
:101C300098010020D4010020100200204C02002056
:101C400088020020C4020020B0B58EB000AF3B4631
:101C50003822002118460BF025FE0B4B1D463C4652
:101C60000FCC0FC50FCC0FC50FCC0FC594E80300E8
:101C700085E80300054B00221A70FFF729FD00BF1D
:101C80003837BD46B0BD00BF84070020BC07002028
:101C900080B58CB000AF87ED050AC7ED040A87ED6B
:101CA000031AC7ED021A87ED012A97ED020AFFF722
:101CB000E5FCF0EE407A714BC3ED0B7A6F4AFB689E
:101CC0009362D7ED017A9FED6E7AF4EEC77AF1EE6A
:101CD00010FA24D4D7ED017A9FED6A7AF4EEC77A30
:101CE000F1EE10FA1BDCD7ED037A9FED677AF4EE84
:101CF000C77AF1EE10FA12D4D7ED037AB2EE047A75
:101D0000F4EEC77AF1EE10FA09DC5C4BD3ED0B7AF6
:101D1000B5EE007AF4EEC77AF1EE10FA02D5FFF7CD
:101D2000FDFCA8E0B1EE001AF9EE000A97ED050AF5
:101D3000FFF77AFC87ED0B0AB1EE001AF9EE000A04
:101D400097ED040AFFF770FC87ED0A0A4F4B1B78EA
:101D5000002B09D1494AFB6A1361484ABB6A5361A7
:101D60004A4B01221A7025E0444B93ED047A434B11
:101D7000D3ED047AD7ED0B6A76EEE77ADFED446AAD
:101D800067EEA67A77EE277A3C4BC3ED047A3B4B9D
:101D900093ED057A394BD3ED057AD7ED0A6A76EEE5
:101DA000E77ADFED3B6A67EEA67A77EE277A334B68
:101DB000C3ED057A374BD3ED057A9FED377A67EEA1
:101DC000877AC7ED097A97ED090A0DF0C7FE87ED0E
:101DD000080A97ED090A0DF001FF87ED070A274B66
:101DE00093ED047AD7ED087A27EE277A234BD3EDCB
:101DF000056AD7ED077A66EEA77A77EE677A1F4B0A
:101E0000C3ED067A1D4B93ED047AD7ED077A27EEE2
:101E1000277A1A4BD3ED056AD7ED087A66EEA77AD2
:101E200077EE277A154BC3ED077A144B93ED007AC2
:101E3000124BD3ED066AD7ED017A66EEA77A77EEFC
:101E4000277A0E4BC3ED007A0C4B93ED017A0B4BC6
:101E5000D3ED076AD7ED017A66EEA77A77EE277A97
:101E6000064BC3ED017A054B4FF000021A63034B9A
:101E7000012283F834203037BD4680BD840700201E
:101E80006F12833ACDCCCC3DCDCC4C3DBC0700206D
:101E90003333B33E3401002035FA8E3C000000009D
:101EA00080B58AB000AFAA4B9B69BB61D7ED067ABB
:101EB0009FEDA87AF4EEC77AF1EE10FA01DDA64B99
:101EC000BB61D7ED067A9FEDA57AF4EEC77AF1EE05
:101ED00010FA01D5A24BBB6197ED060AFFF756FC3D
:101EE000A04B1B68B3F5FA6F03D99F4B9F4A1A604A
:101EF00011E09C4B1B68B3F57A7F03D29A4B9C4A46
:101F00001A6008E0974B1B6807EE903AF8EE677A84
:101F1000954BC3ED007A974B1B6840F2DC5293421D
:101F200094BF01230023DBB2FB74934B1B78FA7C34
:101F30009A420AD0914AFB7C13708F4AFB7C137043
:101F40008F4B01221A70FFF7C3FB8E4B1B6840F2C8
:101F5000DC52934225D98C4B1B78012B27D1824B25
:101F6000D3ED007A9FED897AF4EEC77AF1EE10FA9C
:101F70001DD5854B00221A70854B01221A70FFF780
:101F80003FFE844B4FF000021A60824B4FF000027C
:101F90005A60814B5B697F4A9360794B01221A70CA
:101FA00005E0794B01221A70794B00221A707B4BA5
:101FB0001B6807EE903AF8EE677A9FED797A77EE34
:101FC000C77AC7ED097A774B1B6807EE903AF8EEAF
:101FD000677A9FED737A77EEC77AC7ED087A724B0E
:101FE0001B6807EE903AF8EE677A9FED6D7A77EE10
:101FF000C77AC7ED077AD7ED077AF0EEE77AB2EE47
:102000000E7AF4EEC77AF1EE10FA02D54FF0000323
:10201000FB61D7ED097AF0EEE77AB1EE047AF4EEDF
:10202000C77AF1EE10FA02D54FF000037B62D7EDCC
:10203000087AF0EEE77AB1EE047AF4EEC77AF1EEC0
:1020400010FA02D54FF000033B624C4B1B78002B7B
:1020500040F02681D7ED097AF0EEE77A9FED537ACA
:10206000F4EEC77AF1EE10FA0ADCD7ED087AF0EE5A
:10207000E77A9FED4E7AF4EEC77AF1EE10FA01DDC1
:10208000012300E00023BB74D7ED097AF0EEE77A74
:10209000B3EE047AF4EEC77AF1EE10FA0CD5D7ED70
:1020A000087AF0EEE77AB3EE047AF4EEC77AF1EE4E
:1020B00010FA01D5012300E000237B74D7ED097AE3
:1020C0009FED3B7A67EE877A324BC3ED007AD7ED0E
:1020D000087AF1EE677A9FED367A67EE877A2D4BB4
:1020E000C3ED017A334B93F83430002B64D0314B7D
:1020F00093F83530002B02D17B7C002B5CD0BB7C6D
:10210000002B02D0FFF7E4FA58E02A4B93F8353061
:10211000002B01D1FFF714FB97ED060AFFF76CFBCC
:102120001C4B93ED007A234BD3ED087A77EE277A98
:10213000184BC3ED007A174B93ED017A1D4BD3ED8D
:10214000097A77EE277A134BC3ED017A36E000BFA8
:10215000E40900200AD7233C0AD7233C6F12833AB4
:102160006F12833AE40A0020040300200000FA44BE
:1021700000007A44F00A0020BD070020240A002055
:10218000BE070020EC0A00200003002000C08F449E
:10219000500A0020600A002034010020DC0A0020E0
:1021A0000080BB44E00A0020E80A002000000C4246
:1021B0008FC2753D84070020FFF78AFA314BD3EDBB
:1021C000007AB3EE091AFBEE090AB0EE670AFFF7D0
:1021D0002BFAF0EE407A2B4BC3ED007A294BD3ED6E
:1021E000017AB3EE091AFBEE090AB0EE670AFFF7AF
:1021F0001BFAF0EE407A234BC3ED017A97ED077A94
:10220000DFED216AC7EE267A9FED207A67EE877AA6
:1022100097ED067A67EE277AC7ED037A194B93EDAF
:10222000027AD7ED037A77EE277A164BC3ED027A5E
:10223000144BD3ED027A9FED167AF4EEC77AF1EEE5
:1022400010FA09DD0F4BD3ED027A9FED127A77EE8B
:10225000C77A0C4BC3ED027A0A4BD3ED027A9FED9D
:102260000E7AF4EEC77AF1EE10FA38D5054BD3EDBD
:10227000027A9FED087A77EE877A024BC3ED027AF5
:102280002DE000BF600A00200000FA430000164362
:10229000000034430000B443000034C3CDCC4C3EB6
:1022A000FFF716FAD7ED097A1FED047A67EE877A01
:1022B000974BC3ED007AD7ED087AF1EE677A9FED80
:1022C000957A67EE877A924BC3ED017AD7ED077A5C
:1022D0009FED907A67EE877A8D4BC3ED027A8E4B35
:1022E0001B6840F2B53293422DD88C4B1B78002BE3
:1022F00029D18B4B00221A708A4B4FF000021A60D2
:10230000884B4FF000025A60FFF7E2F9864BD3ED9D
:10231000007A9FED807A77EEC77A834BC3ED007A1F
:10232000814BD3ED007A9FED817AF4EEC77AF1EE1E
:1023300010FA08D5794B01221A707D4B00221A70D1
:10234000794B7C4A1A60754B1B78002B40F0D68184
:10235000754BD3ED007A9FED787AF4EEC77AF1EE03
:1023600010FA3BD5754BD3ED067A9FED757A67EE83
:10237000877A724BC3ED067A724BD3ED067A9FEDE6
:10238000707A67EE877A6F4BC3ED067A6E4BD3EDAA
:10239000067A9FED6B7A67EE877A6B4BC3ED067A10
:1023A0006A4BD3ED067A9FED667A67EE877A674BC4
:1023B000C3ED067A664BD3ED067A9FED617A67EE40
:1023C000877A634BC3ED067A624BD3ED067A9FEDB5
:1023D0005C7A67EE877A5F4BC3ED067A504B1B78C9
:1023E000002B00F0C180012B40F0AE815A4B1B78CE
:1023F000002B0ED0464B1B68544A5362444B5B681B
:10240000534A5362424B9B68524A5362524B0022DA
:102410001A70524B1B681846FEF7AEF83AA3D3E980
:102420000023FEF701F902460B4610461946FEF757
:10243000CBFB03463B60494B5B681846FEF79CF8B4
:1024400031A3D3E90023FEF7EFF802460B4610460E
:102450001946FEF7B9FB03467B60404B9B68184664
:10246000FEF78AF828A3D3E90023FEF7DDF8024639
:102470000B4610461946FEF7A7FB0346BB60244BEC
:10248000D3ED007A97ED007A97ED061AF0EE470A41
:10249000B0EE670A2D4800F093FA1D4BD3ED017A98
:1024A00097ED017A97ED061AF0EE470AB0EE670A4B
:1024B000274800F085FA164BD3ED027A97ED027AA1
:1024C00097ED061AF0EE470AB0EE670A214800F0D1
:1024D00077FA1E4B9B6B224A13601D4B9B6B204A65
:1024E00053601C4B9B6B1E4A93600F4BD3ED007ADD
:1024F0001C491B48B0EE670AFFF766FAFFF704FBBA
:1025000022E100BFAFF30080F8C1631ADCA54C40A4
:102510006C0A0020CDCC4C3EE40A002000030020D1
:10252000240A0020600A002004030020008089445F
:10253000500A002000007A4400C08F444C02002062
:1025400048E17A3F88020020C40200209801002060
:10255000D401002010020020BE070020E409002062
:10256000540A0020780A00207B4BDB683B607A4BE2
:102570001B697B60784B5B69BB60784BD3ED007A5D
:1025800097ED007A97ED061AF0EE470AB0EE670A6B
:10259000734800F051F9714BD3ED017A97ED017A50
:1025A00097ED061AF0EE470AB0EE670A6D4800F0A4
:1025B00043F96A4BD3ED027A97ED027A97ED061A4A
:1025C000F0EE470AB0EE670A674800F035F9644B51
:1025D0009B6B664A1360634B9B6B644A5360624B10
:1025E0009B6B624A9360624B1B78002B0ED05F4B53
:1025F0001B68604A53625D4B5B685F4A53625B4B8A
:102600009B685E4A53625A4B00221A705C4B1B68EF
:102610001846FDF7B1FF4EA3D3E90023FEF704F8F7
:1026200002460B4610461946FEF7CEFA03463B60BB
:10263000534B5B681846FDF79FFF45A3D3E9002382
:10264000FDF7F2FF02460B4610461946FEF7BCFAAC
:1026500003467B604A4B9B681846FDF78DFF3CA301
:10266000D3E90023FDF7E0FF02460B46104619466A
:10267000FEF7AAFA0346BB603C4BD3ED007A97ED18
:10268000007A97ED061AF0EE470AB0EE670A39486D
:1026900000F096F9354BD3ED017A97ED017A97ED7D
:1026A000061AF0EE470AB0EE670A334800F088F9E0
:1026B0002E4BD3ED027A97ED027A97ED061AF0EEE3
:1026C000470AB0EE670A2D4800F07AF9294B9B6B58
:1026D0002C4A1360284B9B6B2A4A5360274B9B6BF9
:1026E000284A9360284BD3ED007A28492548B0EE5C
:1026F000670AFFF769F9FFF707FA25E000237B6116
:102700000EE0224A7B699B001344214A1A60214A49
:102710007B694FF47A7142F823107B6901337B6146
:102720007B69032BEDDDFFF7EFF9FFF769FA0F4B3C
:102730004FF000021A600D4B4FF000025A600B4B35
:102740004FF000029A60FFE700BF2837BD4680BD0A
:10275000F8C1631ADCA54C4034010020600A002057
:102760004C02002088020020C40200206C0A0020D5
:10277000BE07002098010020D40100201002002094
:10278000E4090020540A002004030020780A0020F5
:1027900000007A44880A002080B485B000AF87ED3D
:1027A000030AC7ED020A87ED011A97ED037AD7ED08
:1027B000017AB4EEE77AF1EE10FA01DD7B680BE006
:1027C00097ED037AD7ED027AB4EEE77AF1EE10FADC
:1027D00001D5BB6800E0FB6807EE903AB0EE670AEF
:1027E0001437BD465DF8047B704780B483B000AFFA
:1027F00078607B684FF00002DA617B684FF000027E
:102800001A617B684FF000025A617B684FF000024A
:102810009A617B684FF000029A637B684FF0000278
:102820001A627B684FF000025A6200BF0C37BD4647
:102830005DF8047B7047000080B586B000AFF8609B
:1028400087ED020AC7ED010A87ED001AD7ED007A7D
:102850009FED567AF4EEC77AF1EE10FA01D5544B9B
:102860003B6097ED027AD7ED017A77EE677AFB68E5
:10287000C3ED047AFB68D3ED047A9FED4E7AF4EE53
:10288000C77AF1EE10FA0ADDFB68D3ED047A9FED0A
:102890004A7A77EEC77AFB68C3ED047A13E0FB68E7
:1028A000D3ED047A9FED457AF4EEC77AF1EE10FA93
:1028B00009D5FB68D3ED047A9FED3F7A77EE877AEE
:1028C000FB68C3ED047AFB6893ED007AFB68D3EDF7
:1028D000047A67EE277AC7ED057AFB68D3ED047AB0
:1028E000F0EEE77AB3EE047AF4EEC77AF1EE10FA7E
:1028F0002BD5FB6893ED067AFB68D3ED016AFB6884
:10290000D3ED047A66EEA76AD7ED007A66EEA77A71
:1029100077EE277AFB68C3ED067AFB6893ED067ABB
:10292000FB68D3ED0C7AF1EE677AFB68D3ED0C6AA5
:10293000B0EE661AF0EE670AB0EE470AFFF72CFF1A
:10294000F0EE407AFB68C3ED067AFB6893ED067AF9
:10295000D7ED057A77EE277AFB68C3ED0E7AFB6830
:1029600093ED0E7AFB68D3ED0B7AF1EE677AFB6894
:10297000D3ED0B6AB0EE661AF0EE670AB0EE470AC6
:10298000FFF70AFFF0EE407AFB68C3ED0E7AFB68B2
:102990001A69FB685A61FB687A681A62FB68BA6850
:1029A0005A6200BF1837BD4680BD00BF17B7D13887
:1029B00017B7D138000034430000B443000034C3DB
:1029C00080B58AB000AFF86087ED020AC7ED010A52
:1029D00087ED001AD7ED007A9FED7A7AF4EEC77A88
:1029E000F1EE10FA01D5784B3B6097ED027AD7ED06
:1029F000017A77EE677AFB68C3ED047AFB6893EDA2
:102A0000007AFB68D3ED047A67EE277AC7ED097A7E
:102A1000FB6893ED067AFB68D3ED016AFB68D3EDA2
:102A2000047A66EEA76AD7ED007A66EEA77A77EEAB
:102A3000277AFB68C3ED067AFB6893ED067AFB689C
:102A4000D3ED0C7AF1EE677AFB68D3ED0C6AB0EE49
:102A5000661AF0EE670AB0EE470AFFF79DFEF0EE49
:102A6000407AFB68C3ED067AFB68D3ED087A97EDF0
:102A7000017A77EE677AC7ED087AD7ED086A97EDA5
:102A8000007AC6EE877AB1EE677AFB68D3ED027AF8
:102A900067EE277AC7ED077AFB6893ED0A7AFB6841
:102AA000D3ED077A27EE277AFB68D3ED0A7AF7EEA3
:102AB000006A76EEE76AD7ED077A66EEA77A77EED8
:102AC000277AFB68C3ED077AFB6893ED077AFB680A
:102AD000D3ED0D7AF1EE677AFB68D3ED0D6AB0EEB7
:102AE000661AF0EE670AB0EE470AFFF755FEF0EE01
:102AF000407AFB68C3ED077AFB68D3ED097A97ED5E
:102B0000027A77EE677AC7ED067AD7ED066AD7EDD7
:102B1000007A86EEA77AFB68D3ED037A67EE277A10
:102B2000C7ED057AFB68D3ED0B7A9FED287A67EE47
:102B3000877AC7ED047AD7ED047AF1EE677A97EDDC
:102B4000041AF0EE670A97ED050AFFF725FE87EDF8
:102B5000050AFB6893ED067AD7ED097A37EE277AF6
:102B6000FB68D3ED077A37EE277AD7ED057A77EE53
:102B7000277AFB68C3ED0E7AFB6893ED0E7AFB684B
:102B8000D3ED0B7AF1EE677AFB68D3ED0B6AB0EE0A
:102B9000661AF0EE670AB0EE470AFFF7FDFDF0EEA9
:102BA000407AFB68C3ED0E7AFB681A69FB685A61CC
:102BB000FB687A681A62FB68BA685A6200BF2837F5
:102BC000BD4680BD17B7D13817B7D138CDCC4C3EF4
:102BD00080B582B000AF00237B601F4B1B6B1E4A89
:102BE00043F4001313631C4B1B6B03F400137B6053
:102BF0007B6800233B60184B1B6B174A43F4800330
:102C00001363154B1B6B03F480033B603B6800228E
:102C100000210B2004F0BFFB0B2004F0D8FB0022A6
:102C20000021102004F0B7FB102004F0D0FB00229C
:102C30000021392004F0AFFB392004F0C8FB00224A
:102C400000213A2004F0A7FB3A2004F0C0FB00BFAB
:102C50000837BD4680BD00BF0038024080B58AB04D
:102C600000AF07F1140300221A605A609A60DA601C
:102C70001A6100233B61314B1B6B304A43F0040364
:102C800013632E4B1B6B03F004033B613B69002372
:102C9000FB602A4B1B6B294A43F080031363274BCD
:102CA0001B6B03F08003FB60FB680023BB60234BBE
:102CB0001B6B224A43F001031363204B1B6B03F091
:102CC0000103BB60BB6800237B601C4B1B6B1B4A72
:102CD00043F002031363194B1B6B03F002037B6089
:102CE0007B6800224FF40051154805F061FA01227B
:102CF0001021144805F05CFA4FF400537B61012366
:102D0000BB610023FB6100233B6207F114031946FA
:102D10000B4804F0E5FF10237B610123BB61002316
:102D2000FB6103233B6207F114031946054804F0D5
:102D3000D7FF00BF2837BD4680BD00BF0038024026
:102D4000000802400000024080B500AF124B134A59
:102D50001A60114B124A5A600F4B00229A600E4BB8
:102D60000022DA600C4B4FF480421A610A4B0022B9
:102D70005A61094B00229A61074B0022DA61064B27
:102D800000221A62044805F047FA0346002B01D0DE
:102D900000F017FD00BF80BDC007002000540040B8
:102DA000801A060080B500AF124B134A1A60114B0F
:102DB000124A5A600F4B00229A600E4B0022DA60D2
:102DC0000C4B4FF480421A610A4B00225A61094BA6
:102DD00000229A61074B0022DA61064B00221A6238
:102DE000044805F019FA0346002B01D000F0E9FC75
:102DF00000BF80BD1408002000580040A0860100DC
:102E000080B58CB000AF786007F11C0300221A6017
:102E10005A609A60DA601A617B681B68524A934272
:102E20005CD10023BB61514B1B6B504A43F0020342
:102E300013634E4B1B6B03F00203BB61BB694FF482
:102E40004073FB6112233B6200237B620323BB625E
:102E50000423FB6207F11C031946454804F040FFB8
:102E600000237B61414B1B6C404A43F40013136405
:102E70003E4B1B6C03F400137B617B693D4B3E4A68
:102E80001A603C4B4FF000725A603A4B00229A6035
:102E9000384B0022DA60374B4FF480621A61354BB1
:102EA00000225A61334B00229A61324B0022DA61D0
:102EB000304B4FF480321A622E4B00225A622D485A
:102EC00004F0AEFA0346002B01D000F07AFC7B68D8
:102ED000284A9A63274A7B68936341E07B681B68B2
:102EE000264A93423CD100233B61204B1B6B1F4A77
:102EF00043F0020313631D4B1B6B03F002033B61A2
:102F00003B694FF48063FB6112233B6200237B62C9
:102F10000323BB620423FB6207F11C031946144818
:102F200004F0DEFE0823FB6112233B6200237B6278
:102F30000323BB620923FB6207F11C0319460C48FB
:102F400004F0CEFE0023FB60084B1B6C074A43F4E1
:102F500080031364054B1B6C03F48003FB60FB6868
:102F600000BF3037BD4680BD0054004000380240ED
:102F70000004024068080020106002400058004031
:102F800080B400AF0E4B40F2DC521A600D4B40F2A1
:102F9000DC521A600C4B40F2DC521A600B4B4FF4BF
:102FA0007A721A600A4B4FF47A721A60094B4FF426
:102FB0007A721A6000BFBD465DF8047B704700BF9F
:102FC000DC0A0020E00A0020E80A0020E40A0020D1
:102FD000EC0A0020F00A002080B500AFFFF7D0FF18
:102FE0000F4B00221A800F4B00221A600E4B00225A
:102FF0001A600E4B00221A700D4B00221A600D4B06
:1030000000221A600C4B00221A600C4B00221A603E
:1030100040220B490B4808F084FA00BF80BD00BF76
:10302000080900202C090020300900203409002064
:10303000380900203C0900204009002044090020F4
:10304000C80800206C0C002080B586B000AF034695
:10305000FB71554B1B78002B0ED1FB79202B40F0D8
:103060009E80514B1B785A1CD1B24F4A11701946A1
:103070004E4AFB79535492E04B4B1B78012B11D1F4
:10308000FB79402B0AD1484B1B785A1CD1B2464AD7
:1030900011701946454AFB79535480E0424B002297
:1030A0001A707CE0404B1B785A1CD1B23E4A11701A
:1030B00019463E4AFB7953543B4B1B78202B6ED16B
:1030C0004FF6FF73FB8200233B610AE0374A3B69FE
:1030D00013441B781A46FB8A9B1AFB823B69013317
:1030E0003B613B691D2BF1DD304B9B7F1AB22F4BAF
:1030F000DB7F1BB21B021BB213431BB2FB81FA8A9C
:10310000FB899A4248D1294B9B781A46274BDB789A
:103110001B0213431A46264B1A60244B1B791A468E
:10312000224B5B791B0213431A46224B1A601F4B3A
:103130009B791A461D4BDB791B0213431A461E4B23
:103140001A601A4B1B7A1A46184B5B7A1B02134300
:103150001A461A4B1A60154B9B7A1A46134BDB7AA8
:103160001B0213431A46164B1A60104B1B7B1A4660
:103170000E4B5B7B1B0213431A46124B1A6003F083
:10318000DBFF0346104A1360104B1B6801330F4AE4
:1031900013600F4B01221A70034B00221A7000BFFC
:1031A0001837BD4680BD00BF0A0900200C09002069
:1031B000DC0A0020E00A0020E40A0020E80A0020DF
:1031C000EC0A0020F00A00202C0900203009002021
:1031D0003409002080B582B000AF254BDB6B1B6843
:1031E0005B689BB2C3F140033B80224B1B883A884B
:1031F0009A4239D01F4B1B883A889A4211D91D4BED
:103200001B88FB8008E0FB881B4AD35C1846FFF74D
:103210001BFFFB880133FB80FA883B889A42F2D37C
:103220001FE0144B1B88BB8008E0BB88124AD35CAC
:103230001846FFF709FFBB880133BB80BB883F2BD3
:10324000F3D900237B8008E07B880B4AD35C1846C7
:10325000FFF7FAFE7B8801337B807A883B889A42AD
:10326000F2D3044A3B88138000BF0837BD4680BDB7
:103270006C0C002008090020C808002080B584B02C
:1032800000AF78607B681B68134A934220D17B684B
:103290001B681B68FB607B681B685B68FB60FB68E6
:1032A0000E4B1B6801330D4A136003F045FF0346C4
:1032B0000B4A13600B4B00221A700B4B00221A8032
:1032C0000A4808F053F940220949084808F029F94A
:1032D00000BF1037BD4680BD004400403C090020BF
:1032E000400900200A090020080900206C0C002079
:1032F000C808002080B588B002AF03F0B7FE00F028
:10330000DBF9FFF7ABFCFFF763FC03F073FA03F0A4
:10331000BDFA03F03DFB03F03FF903F091FC03F02D
:1033200065FCFFF711FDFFF73DFD03F0B3FC4FF423
:103330000051A24804F055FFC82003F009FF4FF4E4
:1033400000519E4804F04DFFC82003F001FF4FF4E8
:1033500000519A4804F045FF322003F0F9FE03F0D3
:1033600097F8FFF739FEFEF71FFC954807F09EF926
:1033700001F086F9934B1B78DBB2002B04D032208E
:1033800003F0E6FE00F0CEFE8F4800F025FB8F48EC
:1033900002F04AFADFED8E0AB0EE040A8B4802F022
:1033A00087FAFEF72DFCFEF781F88A4B00221A708F
:1033B000894B01221A70894B894A1A60894B4FF058
:1033C00000021A60874B4FF000025A60854B4FF0A5
:1033D00000029A60844B4FF000021A60824B4FF05B
:1033E00000025A60804B4FF000029A607F4B804A87
:1033F0009A614FF080435B6A7C4AD3614FF080430F
:103400005B6A7B610023FB7403F096FEB8604FF0AB
:1034100080435B6A7B60B86803F096F8FFF7DAFEDA
:10342000FEF74AF8734B1B68BA68D31A632B04D9AA
:10343000FEF7ACF86F4ABB6813607A687B69D31AF1
:10344000B3F57A7FE0D37A687B69D31AFB607B6837
:103450007B61694AFB681360684B1B68FA689A4293
:1034600002D9664AFB681360FB68B3F57A7F04D91A
:10347000634B1B680133624A1360FB6842F21072AF
:10348000934202D94FF47A73FB60FB6807EE903ADF
:10349000F8EE677A9FED5B7A67EE877A534BC3ED60
:1034A000067A524A7B68D36100F03CFF00F02EFFA1
:1034B00003461A46544B1A70FB7C0133FB74FB7CA9
:1034C000132B03D90023FB7401F068F9FB7C002B5C
:1034D00006D101F057F90346002B01D0012300E08B
:1034E0000023DBB2384A0092484A4049374802F08C
:1034F00013FA454B1B78DBB2002B0ED001F036F9E6
:103500000346002B09D001F03DF90346002B02D100
:10351000FB7C002B01D0012300E00023DAB23C4BFE
:103520001A70FEF7BDFC3A4B1B78DBB2002B0FD0B4
:10353000384B1B78DBB2002B0AD0374B1B78002BA3
:1035400006D0214B93F83D30002B01D0012300E041
:103550000023DAB2314B1A701B4BDB68304A136020
:10356000194B1B692F4A1360174B5B692E4A136076
:103570002E4B9B6B2E4A13602E4B9B6B2E4A136077
:10358000264B1B78DBB2002B03D12C4B01221A7087
:103590005DE02B4B1B6840F27D42934203D9274BE1
:1035A00002221A7053E0274B1B6840F2DC52934210
:1035B0004AD8224B03221A7049E000BF000802409B
:1035C0004C0B0020D809002034010020780900208D
:1035D0000AD7A33C500A0020000300200403002067
:1035E00000007A44600A00206C0A0020E4090020F0
:1035F0006F12833A64090020680900206C090020DA
:1036000070090020BD378635CE090020140A00203D
:10361000D909002034090020D80A002074090020AC
:10362000480900204C090020500900204C020020CD
:10363000540900209801002058090020F0000020C3
:10364000E40A0020EC0A0020154B00221A70154BEA
:10365000D3ED007AFCEEE77A17EE903A9AB2124B6D
:103660001A80104BD3ED017AFCEEE77A17EE903A10
:103670009AB20E4B1A800B4BD3ED027AFCEEE77A2E
:1036800017EE903A9AB20A4B1A80064BD3ED037AA2
:10369000FCEEE77A17EE903A9AB2064B1A80B3E640
:1036A000F0000020780A00205C0900205E0900205C
:1036B000600900206209002080B594B000AF07F1D6
:1036C00020033022002118460AF0ECF807F10C0321
:1036D00000221A605A609A60DA601A610023BB60A7
:1036E000274B1B6C264A43F080531364244B1B6CFE
:1036F00003F08053BB60BB6800237B60214B1B68D9
:10370000204A43F4404313601E4B1B6803F44043BC
:103710007B607B6801233B624FF480337B62022332
:10372000BB634FF48003FB6319233B64C0237B64BA
:103730000223BB640423FB6407F12003184605F051
:10374000BDFE0346002B01D000F03BF80F23FB60C9
:1037500002233B6100237B614FF48053BB61002354
:10376000FB6107F10C030321184606F01FF903461D
:10377000002B01D000F025F800BF5037BD4680BDBA
:10378000003802400070004080B582B000AF786021
:103790000B467B807B8819467868FDF7B1FE00BF39
:1037A0000837BD4680BD80B582B000AF78607868CC
:1037B000FDF7CCFE7868FFF761FD00BF0837BD4616
:1037C00080BD80B400AF72B600BF00BFFDE700004F
:1037D00080B500AF054B1B78002B05D1044806F0DF
:1037E00065FF024B01221A7000BF80BDB0090020A6
:1037F0004C0B002080B584B000AF7860FFF7E8FF85
:103800004FF080435B6AFB6000BF4FF080435A6A11
:10381000FB68D31A7A689A42F7D800BF00BF103706
:10382000BD4680BD80B582B000AF786003E04FF444
:103830007A70FFF7DFFF7B685A1E7A60002BF6D1A3
:1038400000BF00BF0837BD4680BD80B400AF012374
:103850001846BD465DF8047B704780B582B000AF66
:10386000786039600AF0F8F8034616221A604FF0C3
:10387000FF3318460837BD4680BD80B582B000AF23
:1038800078604FF0FF317868FFF7E7FF00BFFDE792
:1038900080B586B000AFF860B9607A6000237B61C4
:1038A0000AE0AFF300800146BB685A1CBA60CAB296
:1038B0001A707B6901337B617A697B689A42F0DB1D
:1038C0007B6818461837BD4680BD80B586B000AF0E
:1038D000F860B9607A6000237B6109E0BB685A1C1C
:1038E000BA601B781846AFF300807B6901337B61B7
:1038F0007A697B689A42F1DB7B6818461837BD46C7
:1039000080BD80B483B000AF78604FF0FF331846BD
:103910000C37BD465DF8047B704780B483B000AFC0
:10392000786039603B684FF400525A6000231846B3
:103930000C37BD465DF8047B704780B483B000AFA0
:103940007860012318460C37BD465DF8047B70474C
:1039500080B485B000AFF860B9607A600023184683
:103960001437BD465DF8047B7047000080B586B013
:1039700000AF7860144A154BD31A7B617B693B61B9
:10398000134B1B68002B02D1114B124A1A60104BCB
:103990001A687B6813443A699A4207D20AF05CF8C5
:1039A00003460C221A604FF0FF3309E0084B1B68F6
:1039B000FB60074B1A687B681344054A1360FB6879
:1039C00018461837BD4680BD0000022000040000E4
:1039D000B4090020700F002080B485B000AF78607B
:1039E0000023FB6013E07A68FB6802339B001344FA
:1039F00004334FF000021A607A68FB6806339B00BC
:103A000013444FF000021A60FB680133FB60FB684F
:103A1000022BE8DD7B684FF07E525A627B684FF0E4
:103A200000029A627B684FF00002DA627B684FF016
:103A300000021A637B6800229A637B6800225A6343
:103A40007B68002283F83C207B68002283F83D20BD
:103A500000BF1437BD465DF8047B704780B500AFEA
:103A600000221021024804F0A3FB00BF80BD00BF6C
:103A70000000024080B500AF01221021024804F08E
:103A800097FB00BF80BD00BF0000024080B584B03E
:103A900000AF03460A46FB711346BB71FB7903F086
:103AA0007F03DBB23B73BB797B73FFF7D7FF07F173
:103AB0000C0102230222064806F0DFF90346FB73DD
:103AC000FFF7D8FFFB7B18461037BD4680BD00BF0F
:103AD000F40A002080B58EB002AF03463960FB7156
:103AE0001346BB8007F11C0300221A605A609A60DB
:103AF000C3F80B2007F10C0300221A605A609A6089
:103B0000C3F80B20BB88002B02D0BB880E2B01D939
:103B1000012333E0FB7963F07F03DBB23B77FFF7F0
:103B20009DFFBB8801339BB207F10C0207F11C011A
:103B300002200090134806F0E4FA034687F82D307F
:103B4000FFF798FF97F82D30002B02D097F82D3013
:103B500014E00023FB850CE0FB8D5A1CFB8D3968BB
:103B60000B4430323A4412F8242C1A70FB8D013386
:103B7000FB85FA8DBB889A42EED300231846303776
:103B8000BD4680BDF40A002080B582B000AF034678
:103B90003960FB71FB79012239681846FFF79AFFFB
:103BA000034618460837BD4680BD000000000000EF
:103BB00080B58AB000AF78607B681B781BB21B02AF
:103BC0001AB27B6801331B781BB213431AB2B64B8F
:103BD0005A807B6802331B781BB21B021AB27B68C7
:103BE00003331B781BB213431AB2AF4B1A807B68A6
:103BF00004331B781BB21B021AB27B6805331B7897
:103C00001BB213431AB2A84B9A807B6808331B7807
:103C10001BB21B021AB27B6809331B781BB2134319
:103C20001AB2A24B5A807B680A331B781BB21B0264
:103C30001AB27B680B331B781BB213431AB29B4B2F
:103C40001A807B680C331B781BB21B021AB27B688C
:103C50000D331B781BB213431AB2944B9A80944BCA
:103C60001B78002B54D0904BB3F9003007EE903AFC
:103C7000B8EEE77A8F4BD3ED007A77EE677AC7ED2F
:103C8000067A894BB3F9023007EE903AB8EEE77A3C
:103C9000884BD3ED017A77EE677AC7ED077A824BCE
:103CA000B3F9043007EE903AB8EEE77A814BD3EDE2
:103CB000027A77EE677AC7ED087A7C4BB3F9003069
:103CC00007EE903AB8EEE77A7B4BD3ED007A77EEC9
:103CD000677AC7ED037A754BB3F9023007EE903A75
:103CE000B8EEE77A744BD3ED017A77EE677AC7EDD9
:103CF000047A6E4BB3F9043007EE903AB8EEE77AE7
:103D00006D4BD3ED027A77EE677AC7ED057A35E031
:103D1000654BB3F9003007EE903AF8EEE77AC7ED5D
:103D2000067A614BB3F9023007EE903AF8EEE77A83
:103D3000C7ED077A5C4BB3F9043007EE903AF8EE22
:103D4000E77AC7ED087A594BB3F9003007EE903A9D
:103D5000F8EEE77AC7ED037A544BB3F9023007EE79
:103D6000903AF8EEE77AC7ED047A504BB3F9043095
:103D700007EE903AF8EEE77AC7ED057A97ED067A06
:103D8000DFED4E6AC7EE267A9FED4D7A67EE877AB1
:103D90004C4BC3ED007A97ED077ADFED486AC7EE2A
:103DA000267A9FED477A67EE877A464BC3ED017A14
:103DB00097ED087ADFED416AC7EE267AF1EE677A71
:103DC0009FED3F7A67EE877A3E4BC3ED027A97ED1F
:103DD000037ADFED3D6AC7EE267AF1EE677A17EED9
:103DE000903A1846FCF7C8FB2DA3D3E90023FCF753
:103DF0001BFC02460B4610461946FCF7E5FE03463F
:103E0000324A136097ED047ADFED2F6AC7EE267A07
:103E1000F1EE677A17EE903A1846FCF7ADFB20A357
:103E2000D3E90023FCF700FC02460B461046194676
:103E3000FCF7CAFE0346254A536097ED057ADFED8D
:103E4000226AC7EE267AF1EE677A17EE903A1846A4
:103E5000FCF792FB12A3D3E90023FCF7E5FB024633
:103E60000B4610461946FCF7AFFE0346174A93600F
:103E7000174B1B78002B0FD1124B1B68154A136090
:103E8000104B5B68134A53600E4B9B68114A93605A
:103E90000F4B01221A7046E000237B6240E000BF16
:103EA000E49C52A246DF913F280A0020300A0020FD
:103EB000D80A0020CC0A0020C00A0020000080465A
:103EC0000AE81C41380A002000000343440A00208D
:103ED000BB090020A40A0020404A7B6A9B001344CF
:103EE00093ED007A3E4A7B6A9B001344D3ED006A4F
:103EF0003A4A7B6A9B001344D3ED007A76EEE76A78
:103F0000384BD3ED007A66EEA77A77EE277A334AFC
:103F10007B6A9B001344C3ED007A7B6A01337B62AA
:103F20007B6A022BD8DD304B1B78002B0FD12F4B37
:103F30001B682F4A13602D4B5B682D4A53602B4B37
:103F40009B682B4A9360284B01221A7029E00023BA
:103F50007B6223E0264A7B6A9B00134493ED007A40
:103F6000224A7B6A9B001344D3ED006A204A7B6A95
:103F70009B001344D3ED007A76EEE76A1D4BD3ED38
:103F8000007A66EEA77A77EE277A194A7B6A9B0059
:103F90001344C3ED007A7B6A01337B627B6A022B98
:103FA000D8DD0E4B1B68144AD3600C4B5B68124A79
:103FB00013610A4B9B68104A53610D4B1B680E4AF4
:103FC00013600B4B5B680C4A5360094B9B680A4AB1
:103FD000936000BF2837BD4680BD00BFA40A002003
:103FE000380A0020E40D0108BC090020440A002022
:103FF000980A0020E80D0108E409002080B582B08D
:1040000000AF0023FB71434B00221A70424B002289
:104010001A70424B00221A70414B00221A70FFF7AF
:1040200029FD0A20FFF7FEFB80216B20FFF72EFD04
:104030000346002B56D16420FFF7F4FB01216B20CF
:10404000FFF724FD0346002B4ED100216C20FFF723
:104050001DFD0346002B49D101216A20FFF716FD03
:104060000346002B44D140217020FFF70FFD03468B
:10407000002B3FD105211A20FFF708FD0346002B36
:104080003AD100211920FFF701FD0346002B35D15D
:1040900000211B20FFF7FAFC0346002B30D1002142
:1040A0001C20FFF7F3FC0346002B2BD105211D201C
:1040B000FFF7ECFC0346002B26D11420FFF7B2FBE0
:1040C000FB1D19467520FFF75FFD0346002B1DD130
:1040D000FA79114B1A70FB79122B18D10D4B012272
:1040E0001A7014E000BF12E000BF10E000BF0EE045
:1040F00000BF0CE000BF0AE000BF08E000BF06E020
:1041000000BF04E000BF02E000BF00E000BF0837CE
:10411000BD4680BDB8090020B9090020BA090020B9
:10412000D80A002080B58CB000AF07F10C03002244
:104130001A605A609A603B4600221A605A609A6080
:104140000023FB62614B1B78002B00F0B980002339
:10415000BB625BE007F118030E2219463B20FFF714
:10416000B9FC0346002B4AD17B683A7E12B2120298
:1041700011B27A7E12B20A4312B213447B603B68DA
:10418000BA7E12B2120211B2FA7E12B20A4312B20F
:1041900013443B60BB683A7F12B2120211B27A7FBD
:1041A00012B20A4312B21344BB603B6997F8202055
:1041B00012B2120211B297F8212012B20A4312B2BF
:1041C00013443B61FB6897F8222012B2120211B22D
:1041D00097F8232012B20A4312B21344FB607B69A2
:1041E00097F8242012B2120211B297F8252012B2C9
:1041F0000A4312B213447B61FB6A0133FB624FF442
:10420000FA60FFF7F7FABB6A0133BB62BB6AB3F52A
:104210007A7F9FD3FB6A002B54D0FB6807EE903A5D
:10422000F8EEE76AFB6A07EE903AB8EE677AC6EEF8
:10423000877A274BC3ED007A3B6907EE903AF8EE98
:10424000E76AFB6A07EE903AB8EE677AC6EE877ABD
:104250001F4BC3ED017A7B6907EE903AF8EEE76AEF
:10426000FB6A07EE903AB8EE677AC6EE877A184B8B
:10427000C3ED027A3B6807EE903AF8EEE76AFB6A14
:1042800007EE903AB8EE677AC6EE877A114BC3ED27
:10429000007A7B6807EE903AF8EEE76AFB6A07EE71
:1042A000903AB8EE677AC6EE877A0A4BC3ED017A88
:1042B000084B4FF000029A60074B01221A7002E08F
:1042C00000BF00E000BF3037BD4680BDB809002008
:1042D000C00A0020CC0A0020D80A002080B400AF19
:1042E000034B1B781846BD465DF8047B704700BF42
:1042F000B809002080B400AF034B1B781846BD46B8
:104300005DF8047B704700BFB909002080B400AF9E
:10431000034B1B781846BD465DF8047B704700BF11
:10432000BA09002080B584B000AF0F4B1B78002B7A
:1043300003D10E4B00221A7013E03B460E221946A1
:104340003B20FFF7C7FB0346002B07D1074B012299
:104350001A703B461846FFF72BFC02E0034B002285
:104360001A701037BD4680BDB8090020BA09002078
:1043700080B58AB000AFF860B9607A60FB681B78DE
:10438000042B00F20E8101A252F823F0A143000891
:10439000CD4300080B440008B344000895450008CD
:1043A000FB688C4A1A62FB688B4A5A62FB688B4A2C
:1043B0009A62FB688A4ADA62FB688A4A1A63FB6877
:1043C000894A5A63FB6804221A70EAE000237B6280
:1043D00011E0FA687B6A02339B001344834A1A6037
:1043E000FA687B6A04339B0013440433804A1A60E2
:1043F0007B6A01337B627B6A022BEADDFB68002269
:104400009A63FB6802221A70CBE000237B623EE0D5
:10441000BA687B6A9B00134493ED007AFA687B6A62
:1044200002339B001344D3ED007AB4EEE77AF1EE49
:1044300010FA0AD5BA687B6A9B0013441A68F968B7
:104440007B6A02339B000B441A60BA687B6A9B004C
:10445000134493ED007AFA687B6A04339B0013449B
:104460000433D3ED007AB4EEE77AF1EE10FA0BDD07
:10447000BA687B6A9B0013441A68F9687B6A043344
:104480009B000B4404331A607B6A01337B627B6AB6
:10449000022BBDDDFB689B6B5A1CFB689A63FB68B3
:1044A0009A6BFB68DB6B9A427AD3FB6803221A7023
:1044B00076E000237B623AE0FA687B6A04339B0073
:1044C0001344043393ED007AFA687B6A02339B004D
:1044D0001344D3ED007A77EE277AB6EE007A67EED2
:1044E000877AFA687B6A08339B001344C3ED007A2D
:1044F000FA687B6A04339B001344043393ED007A1B
:10450000FA687B6A02339B001344D3ED007A77EE9E
:10451000677AB6EE007A67EE877A7B6A9B0028336B
:104520003B44143BC3ED007A7B6A01337B627B6AB8
:10453000022BC1DD97ED057AD7ED067A37EE277AA3
:10454000D7ED077A37EE277AF0EE086AC7EE267ABB
:10455000C7ED087A00237B6215E07B6A9B00283355
:104560003B44143B93ED007AD7ED086AC6EE877A98
:10457000FA687B6A0A339B0013440433C3ED007A64
:104580007B6A01337B627B6A022BE6DDFB680422D7
:104590001A7006E07A68B968F86800F02BF800E055
:1045A00000BFFB681B78042B0FD000237B6209E05F
:1045B0007A687B6A9B0013444FF000021A607B6AA2
:1045C00001337B627B6A022BF2DD00BF2837BD46D8
:1045D00080BD00BF88169940D0CC5CC02085EB40E0
:1045E000ACE56F3F6B45743FD5A7903F286B6E4E8F
:1045F000286B6ECE80B487B000AFF860B9607A6087
:1046000000237B6132E0BA687B699B00134493ED21
:10461000007AFA687B6908339B001344D3ED007A73
:1046200077EE677AC7ED047AFA687B690A339B00F4
:1046300013440433D3ED007A97ED047A67EE277ABA
:10464000C7ED047AFB68D3ED017AF7EE006A86EED7
:10465000A77AD7ED047A67EE277A7A687B699B00A0
:104660001344C3ED007A7B6901337B617B69022BC4
:10467000C9DD00BF00BF1C37BD465DF8047B704735
:1046800080B586B004AF3B1D00210A461A800A4659
:104690009A70324B00221A70314B00221A70314B43
:1046A00000221A702F4B00225A702E4B00229A7053
:1046B00005230293032301933B1D009301230A2248
:1046C0003C21294803F0E6FF0346002B14D13A7938
:1046D000244B1A707A79234B5A70BA79214B9A700D
:1046E0003B79482B08D17B79342B05D1BB79332B0F
:1046F00002D11A4B01221A707023FB70052302931A
:1047000001230193FB1C0093012300223C21164846
:1047100003F0C6FE2023FB700523029301230193BF
:10472000FB1C0093012301223C210F4803F0B8FE3B
:104730000023FB700523029301230193FB1C0093CC
:10474000012302223C21084803F0AAFE42F2107025
:10475000FFF750F800BF0837BD4680BDBD090020F7
:10476000BE090020C0090020C007002080B400AFAF
:10477000034B1B781846BD465DF8047B704700BFAD
:10478000BD09002080B400AF034B1B781846BD461E
:104790005DF8047B704700BFBE09002080B58CB077
:1047A00004AF6B4B1B78002B03D16A4B00221A70AD
:1047B000CAE005230293062301933B1D00930123C6
:1047C00003223C21644803F065FF0346002B40F0C0
:1047D000B880604B01221A703B791BB21B021AB2DF
:1047E0007B791BB21343FB83BB791BB21B021AB24A
:1047F000FB791BB21343BB833B7A1BB21B021AB279
:104800007B7A1BB213437B83B7F91E3007EE903AD5
:10481000F8EEE77AC7ED057AB7F91A3007EE903A65
:10482000F8EEE77AC7ED047AB7F91C3007EE903A54
:10483000F8EEE77AC7ED037AD7ED057A9FED477A70
:1048400067EE877A464BC3ED007AD7ED047AF1EE36
:10485000677A9FED427A67EE877A414BC3ED017A22
:10486000D7ED037AF1EE677A9FED3C7A67EE877AAF
:104870003B4BC3ED027A3B4A39493B48FFF778FD91
:10488000394B1B78042B5FD1384B1B78002B0FD191
:10489000344B1B68364A1360324B5B68344A5360B2
:1048A000304B9B68324A9360304B01221A703BE0D8
:1048B0002F4B93ED007A2B4BD3ED006A2C4BD3EDAD
:1048C000007A76EEE77ADFED2B6A67EEA67A77EE6E
:1048D000277A274BC3ED007A254B93ED017A214BC4
:1048E000D3ED016A224BD3ED017A76EEE77ADFED64
:1048F000216A67EEA67A77EE277A1D4BC3ED017A1F
:104900001B4B93ED027A174BD3ED026A184BD3ED94
:10491000027A76EEE77ADFED176A67EEA67A77EE2F
:10492000277A134BC3ED027A114B1B680D4A1360B3
:104930000F4B5B680B4A53600D4B9B68094A9360B1
:1049400002E0044B00221A702037BD4680BD00BF34
:10495000BD090020BE090020C00700207F6ABC3DC1
:10496000040A0020140A0020F4000020BC0A0020E1
:10497000B00A00200AD7A33D80B485B000AF87ED10
:10498000030AC7ED020A87ED011A97ED037AD7ED06
:10499000027AB4EEE77AF1EE10FA01D5BB680BE0CB
:1049A00097ED037AD7ED017AB4EEE77AF1EE10FADB
:1049B00001DD7B6800E0FB6807EE903AB0EE670A25
:1049C0001437BD465DF8047B7047000080B582B0A7
:1049D00000AF87ED010AD7ED017AF5EEC07AF1EE6E
:1049E00010FA02D89FED097A09E097ED010A0BF061
:1049F00093F8F0EE407AF7EE006A86EEA77AF0EED2
:104A0000477AB0EE670A0837BD4680BD0000000057
:104A100080B586B000AFF860B9607A603B60FB6833
:104A2000002B00F0A480BB68002B00F0A0807B6806
:104A3000002B00F09C803B68002B00F09880FB6806
:104A400093ED037AFB68D3ED047A27EE277AFB68AF
:104A5000D3ED026AFB68D3ED057A66EEA77A77EEAE
:104A6000277A37EEA76AFB6893ED047AFB68D3EDEB
:104A7000047A27EE277AFB68D3ED056AFB68D3ED4D
:104A8000057A66EEA77A77EE277A77EEA77AB7EE01
:104A9000007A77EE677AF0EE670AB0EE460A0BF01E
:104AA00039F8F0EE407A3B68C3ED007AFB6893ED8D
:104AB000027AFB68D3ED047A27EE277AFB68D3ED00
:104AC000036AFB68D3ED057A66EEA77A77EE677A1C
:104AD00077EEA77AC7ED057AB7EE001AFFEE000A67
:104AE00097ED050AFFF748FF87ED050A97ED050AE0
:104AF0000AF0E4FFF0EE407A7B68C3ED007AFB68D1
:104B000093ED027AFB68D3ED037A27EE277AFB68F0
:104B1000D3ED046AFB68D3ED057A66EEA77A77EEEB
:104B2000277A37EEA76AFB6893ED037AFB68D3ED2B
:104B3000037A27EE277AFB68D3ED046AFB68D3ED8E
:104B4000047A66EEA77A77EE277A77EEA77AB7EE41
:104B5000007A77EE677AF0EE670AB0EE460A0AF05E
:104B6000D9FFF0EE407ABB68C3ED007A00E000BFE9
:104B70001837BD4680BD000080B58EB000AFF8612B
:104B800087ED060AC7ED050A87ED041AC7ED031A7B
:104B900087ED022AC7ED012A87ED003AFB69002B59
:104BA00000F09180D7ED007AF5EEC07AF1EE10FAC0
:104BB00040F28980D7ED067A27EEA77AD7ED057AFD
:104BC00067EEA77A37EE277AD7ED047A67EEA77AF1
:104BD00077EE277AB0EE670A0AF09EFF87ED0D0A9E
:104BE000D7ED037A27EEA77AD7ED027A67EEA77A98
:104BF00037EE277AD7ED017A67EEA77A77EE277A34
:104C0000B0EE670A0AF088FF87ED0C0AD7ED0D7A3F
:104C10009FED307AF4EEC77AF1EE10FA55DCD7ED5D
:104C20000C7AB6EE007AF4EEC77AF1EE10FA4CD4B4
:104C3000D7ED0C7AB0EE007AF4EEC77AF1EE10FA06
:104C400043DC07F1200307F1240207F12801F8698A
:104C5000FFF7DEFE97ED007AF7EE086AC7EE267AD8
:104C6000C7ED0B7A9FED1B1ADFED1B0A97ED0B0AC0
:104C7000FFF782FE87ED0B0AFB6993ED097AD7ED0A
:104C80000A6AFB69D3ED097A76EEE76AD7ED0B7A0B
:104C900066EEA77A77EE277AFB69C3ED097AFB699E
:104CA00093ED0A7AD7ED096AFB69D3ED0A7A76EEBD
:104CB000E76AD7ED0B7A66EEA77A77EE277AFB697B
:104CC000C3ED0A7A02E000BF00E000BF3837BD46FE
:104CD00080BD00BFCDCC4C3D0000000000000000B6
:104CE00080B586B000AF786039607B689A683B68B1
:104CF0005A627B68DA683B689A627B681A693B682B
:104D0000DA627B685A693B681A6307F10C0307F1A2
:104D1000100207F114017868FFF77AFE97ED057A23
:104D20007B68D3ED097A77EE677AF1EE677A3B68B4
:104D3000C3ED067A97ED047A7B68D3ED0A7A77EEB5
:104D4000677AF1EE677A3B68C3ED077AFA683B68E9
:104D50001A623B6893ED067A3B68D3ED167A77EEDC
:104D6000677A17EE900AFBF707FC35A3D3E9002317
:104D7000FBF75AFC02460B4610461946FBF724FF88
:104D800002463B68DA603B6893ED077A3B68D3EDF7
:104D9000177A77EE677A17EE900AFBF7EDFB28A3F8
:104DA000D3E90023FBF740FC02460B4610461946A8
:104DB000FBF70AFF02463B681A613B6893ED087AED
:104DC0003B68D3ED187A77EE677A17EE900AFBF717
:104DD000D3FB1BA3D3E90023FBF726FC02460B46BB
:104DE00010461946FBF7F0FE02463B685A613B68E5
:104DF0005A693B681A643B681A693B685A643B68A5
:104E0000DA683B689A647B68DA6A3B689A637B6815
:104E10001A6B3B685A633B68012283F83C207B682D
:104E2000DB6A642B01D9012200E000223B6883F891
:104E30003D2000BF1837BD4680BD00BFAFF30080E6
:104E4000F8C1631ADCA54C4080B52DED028B98B0FB
:104E500000AF786287ED080AC7ED070A87ED061AEA
:104E6000C7ED051A87ED042AC7ED032A0B467A60C1
:104E7000FB72D7ED087A27EEA77AD7ED077A67EEAF
:104E8000A77A37EE277AD7ED067A67EEA77A77EE1C
:104E9000277AC7ED167AD7ED167A9FED6F7AF4EE82
:104EA000C77AF1EE10FA00F1E88197ED160AFFF7E4
:104EB0008DFD87ED150A97ED087AD7ED157A67EE27
:104EC000277AC7ED087A97ED077AD7ED157A67EE5E
:104ED000277AC7ED077A97ED067AD7ED157A67EE50
:104EE000277AC7ED067AD7ED060A97ED070A0AF08A
:104EF00011FE87ED140AD7ED087AB1EE678AD7ED77
:104F0000077A27EEA77AD7ED067A67EEA77A77EECB
:104F1000277AB0EE670A0AF0FFFDF0EE407AF0EE75
:104F2000670AB0EE480A0AF0F5FD87ED130A4FF064
:104F30000003FB65FB7A002B00F09080D7ED057A2B
:104F400027EEA77AD7ED047A67EEA77A37EE277AAD
:104F5000D7ED037A67EEA77A77EE277AC7ED127A54
:104F6000D7ED127A9FED3C7AF4EEC77AF1EE10FAA3
:104F700074DB97ED120AFFF729FD87ED150A97ED0F
:104F8000057AD7ED157A67EE277AC7ED057A97EDA2
:104F9000047AD7ED157A67EE277AC7ED047A97ED94
:104FA000037AD7ED157A67EE277AC7ED037A97ED86
:104FB000140A0AF0D3FD87ED110A97ED140A0AF0DE
:104FC0000DFE87ED100A97ED130A0AF0C7FD87ED75
:104FD0000F0A97ED130A0AF001FE87ED0E0A97ED0E
:104FE000057AD7ED0F7A27EE277AD7ED046AD7ED49
:104FF000107A66EEA76AD7ED0E7A66EEA77A37EEDC
:10500000277AD7ED036AD7ED117A66EEA76AD7ED56
:105010000E7A66EEA77A77EE277AC7ED0D7A97EDCE
:10502000047AD7ED117A27EE277AD7ED036AD7ED08
:10503000107A66EEA77A77EE677AC7ED0C7AD7ED2D
:105040000C7AF1EE677AD7ED0D0AB0EE670A0AF036
:1050500061FD87ED170A01E0CCBC8C2BD7ED147AEB
:10506000B6EE007A67EE877AB0EE670A0AF076FD50
:1050700087ED110AD7ED147AB6EE007A67EE877ADB
:10508000B0EE670A0AF0AAFD87ED100AD7ED137A91
:10509000B6EE007A67EE877AB0EE670A0AF05EFD38
:1050A00087ED0F0AD7ED137AB6EE007A67EE877AAE
:1050B000B0EE670A0AF092FD87ED0E0AD7ED177A77
:1050C000B6EE007A67EE877AB0EE670A0AF046FD20
:1050D00087ED0B0AD7ED177AB6EE007A67EE877A7E
:1050E000B0EE670A0AF07AFD87ED0A0A97ED117AA9
:1050F000D7ED0F7A27EE277AD7ED0B7A27EE277AAE
:10510000D7ED106AD7ED0E7A66EEA76AD7ED0A7A68
:1051100066EEA77A77EE277A7B6AC3ED027A97ED7F
:10512000107AD7ED0F7A27EE277AD7ED0B7A27EE94
:10513000277AD7ED116AD7ED0E7A66EEA76AD7ED1A
:105140000A7A66EEA77A77EE677A7B6AC3ED037A0E
:1051500097ED117AD7ED0E7A27EE277AD7ED0B7AF5
:1051600027EE277AD7ED106AD7ED0F7A66EEA76A99
:10517000D7ED0A7A66EEA77A77EE277A7B6AC3EDD7
:10518000047A97ED117AD7ED0F7A27EE277AD7EDCB
:105190000A7A27EE277AD7ED106AD7ED0E7A66EEF7
:1051A000A76AD7ED0B7A66EEA77A77EE677A7B6A05
:1051B000C3ED057A7B6A93ED027A7B6AD3ED027ABE
:1051C00027EE277A7B6AD3ED036A7B6AD3ED037AF5
:1051D00066EEA77A37EE277A7B6AD3ED046A7B6A9C
:1051E000D3ED047A66EEA77A37EE277A7B6AD3EDA1
:1051F000056A7B6AD3ED057A66EEA77A77EE277AA1
:10520000B0EE670AFFF7E2FB87ED150A7B6A93EDC4
:10521000027AD7ED157A67EE277A7B6AC3ED027AB8
:105220007B6A93ED037AD7ED157A67EE277A7B6A6E
:10523000C3ED037A7B6A93ED047AD7ED157A67EEB6
:10524000277A7B6AC3ED047A7B6A93ED057AD7ED02
:10525000157A67EE277A7B6AC3ED057A7B6A3A6D29
:105260005A627B6AFA6C9A627B6A012283F8342064
:105270007968786AFFF734FD00E000BF6037BD460B
:10528000BDEC028B80BD00BF80B596B000AF7862E8
:1052900087ED080AC7ED070A87ED061AC7ED051A5C
:1052A00087ED042AC7ED032A87ED023A7960D7ED2E
:1052B000057A27EEA77AD7ED047A67EEA77A37EE5C
:1052C000277AD7ED037A67EEA77A77EE277AC7EDCC
:1052D000157AD7ED027AF5EEC07AF1EE10FA40F2C7
:1052E0009F82D7ED027A9FEDA47AF4EEC77AF1EEB1
:1052F00010FA00F39582D7ED157A9FEDA07AF4EEBF
:10530000C77AF1EE10FA40F3728197ED150A0AF0B0
:1053100003FC87ED140AD7ED147AB6EE007AF4EEAA
:10532000C77AF1EE10FAC0F26281D7ED147AB0EECE
:10533000007AF4EEC77AF1EE10FA00F2588197ED98
:10534000150AFFF743FB87ED130A97ED057AD7EDB2
:10535000137A67EE277AC7ED057A97ED047AD7EDD1
:10536000137A67EE277AC7ED047A97ED037AD7EDC3
:10537000137A67EE277AC7ED037A7B6A93ED037A97
:105380007B6AD3ED057A27EE277A7B6AD3ED026A32
:105390007B6AD3ED047A66EEA77A77EE677AC7ED7B
:1053A000127A7B6A93ED027A7B6AD3ED037A27EE59
:1053B000277A7B6AD3ED046A7B6AD3ED057A66EEC1
:1053C000A77A77EE277AC7ED117A7B6A93ED027A96
:1053D0007B6AD3ED027A67EE277AB6EE007A37EE73
:1053E000C77A7B6AD3ED056A7B6AD3ED057A66EEF0
:1053F000A77A77EE277AC7ED107A97ED047AD7ED82
:10540000107A27EE277AD7ED036AD7ED117A66EE88
:10541000A77A77EE677AC7ED0F7A97ED037AD7ED23
:10542000127A27EE277AD7ED056AD7ED107A66EE65
:10543000A77A77EE677AC7ED0E7A97ED057AD7ED02
:10544000117A27EE277AD7ED046AD7ED127A66EE45
:10545000A77A77EE677AC7ED0D7A7B6AD3ED017A8A
:10546000F5EEC07AF1EE10FA40F38E807B6A93ED90
:10547000067A7B6AD3ED016AD7ED0F7A66EEA76AEA
:10548000D7ED027A66EEA77A77EE277A7B6AC3EDCC
:10549000067A7B6A93ED077A7B6AD3ED016AD7EDD2
:1054A0000E7A66EEA76AD7ED027A66EEA77A77EEF5
:1054B000277A7B6AC3ED077A7B6A93ED087A7B6A69
:1054C000D3ED016AD7ED0D7A66EEA76AD7ED027AC1
:1054D00066EEA77A77EE277A7B6AC3ED087A7B6A55
:1054E000D3ED067A9FED261ADFED260AB0EE670AA5
:1054F000FFF742FAF0EE407A7B6AC3ED067A7B6AE8
:10550000D3ED077A9FED1E1ADFED1E0AB0EE670A93
:10551000FFF732FAF0EE407A7B6AC3ED077A7B6AD6
:10552000D3ED087A9FED161ADFED160AB0EE670A82
:10553000FFF722FAF0EE407A7B6AC3ED087A7B6AC5
:10554000D3ED067A97ED087A77EE277AC7ED087AD9
:105550007B6AD3ED077A97ED077A77EE277AC7ED66
:10556000077A7B6AD3ED087A97ED067A77EE277A89
:10557000C7ED067A14E000BFCDCCCC3DCCBC8C2B63
:105580009A99993E9A9999BE7B6A4FF000029A6166
:105590007B6A4FF00002DA617B6A4FF000021A6208
:1055A0007B6A93ED007AD7ED0F7A67EE277A97ED55
:1055B000087A77EE277AC7ED087A7B6A93ED007A4E
:1055C000D7ED0E7A67EE277A97ED077A77EE277A8E
:1055D000C7ED077A7B6A93ED007AD7ED0D7A67EE17
:1055E000277A97ED067A77EE277AC7ED067AD7ED18
:1055F000027AB6EE007A67EE877A97ED087A67EE60
:10560000277AC7ED087AD7ED027AB6EE007A67EE10
:10561000877A97ED077A67EE277AC7ED077AD7ED95
:10562000027AB6EE007A67EE877A97ED067A67EE31
:10563000277AC7ED067A7B6A9B683B637B6ADB68E7
:10564000FB627B6A1B69BB627B6A93ED027AD7EDD2
:105650000B7AF1EE676AD7ED087A66EEA76A97EDE6
:105660000A6AD7ED077A66EE277A76EEE76A7B6AF2
:1056700093ED056AD7ED067A66EE277A76EEE77A3D
:1056800077EE277A7B6AC3ED027A7B6A93ED037A21
:10569000D7ED0C6AD7ED087A66EEA76A97ED0A6A2D
:1056A000D7ED067A66EE277A76EEA76A7B6A93EDE7
:1056B000056AD7ED077A66EE277A76EEE77A77EE17
:1056C000277A7B6AC3ED037A7B6A93ED047AD7ED80
:1056D0000C6AD7ED077A66EEA76A97ED0B6AD7EDED
:1056E000067A66EE277A76EEE76A7B6A93ED056ABC
:1056F000D7ED087A66EE277A76EEA77A77EE277AE4
:105700007B6AC3ED047A7B6A93ED057AD7ED0C6A68
:10571000D7ED067A66EEA76A97ED0B6AD7ED077AA2
:1057200066EE277A76EEA76A97ED0A6AD7ED087AD1
:1057300066EE277A76EEE77A77EE277A7B6AC3ED14
:10574000057A7B6A93ED027A7B6AD3ED027A27EEC3
:10575000277A7B6AD3ED036A7B6AD3ED037A66EE20
:10576000A77A37EE277A7B6AD3ED046A7B6AD3ED9A
:10577000047A66EEA77A37EE277A7B6AD3ED056A5C
:105780007B6AD3ED057A66EEA77A77EE277AB0EEDC
:10579000670AFFF71BF987ED130A7B6A93ED027A1C
:1057A000D7ED137A67EE277A7B6AC3ED027A7B6ABC
:1057B00093ED037AD7ED137A67EE277A7B6AC3ED10
:1057C000037A7B6A93ED047AD7ED137A67EE277A32
:1057D0007B6AC3ED047A7B6A93ED057AD7ED137A81
:1057E00067EE277A7B6AC3ED057A7B6ADB6A5A1C0F
:1057F0007B6ADA6297ED023AD7ED032A97ED042A25
:10580000D7ED051A97ED061AD7ED070A97ED080AA6
:10581000786AFFF7B1F97968786AFFF761FA00E012
:1058200000BF5837BD4680BD80B483B000AF7860FC
:105830007B68002B36D07B684FF081421A607B6812
:105840004FF000025A607B684FF07E529A607B688E
:105850004FF00002DA607B684FF000021A617B684B
:105860004FF000025A617B684FF000029A617B683A
:105870004FF00002DA617B684FF000021A627B6829
:105880004FF000025A627B684FF000029A627B6818
:105890000022DA627B6800221A637B68002283F8A8
:1058A000342000E000BF0C37BD465DF8047B704734
:1058B00080B485B000AFF86087ED020AC7ED010A39
:1058C000FB68002B22D0D7ED027AF5EEC07AF1EE1C
:1058D00010FA02D54FF00003BB60D7ED017AF5EE68
:1058E000C07AF1EE10FA02D54FF000037B60D7EDDD
:1058F000027A77EEA77AFB68C3ED007AD7ED017ADA
:1059000077EEA77AFB68C3ED017A00E000BF143799
:10591000BD465DF8047B704780B5ACB000AFF86061
:10592000B9607A60FB70FB68002B00F0D584BB681F
:10593000002B00F0D184D7F8B830002B00F0CC84D5
:10594000BB681B68C7F8AC30BB685B68C7F8A83099
:10595000BB689B68C7F8A430BB68D3ED037AF1EE4F
:10596000677AC7ED287ABB68D3ED047AF1EE677ADF
:10597000C7ED277ABB68D3ED057AF1EE677AC7EDFC
:10598000267ABB689B69C7F888304FF00003C7F8D8
:1059900094304FF00003C7F890304FF00003C7F881
:1059A0008C307B68002B0BD07B681B68C7F8943069
:1059B0007B685B68C7F890307B689B68C7F88C3061
:1059C000D7ED227AF5EEC07AF1EE10FA40F2868435
:1059D000D7ED227A9FED367AF4EEC77AF1EE10FA1F
:1059E00000F37C84FB6893F83430002B18D1FB78EB
:1059F000D7F8B8201946D7ED232A97ED242AD7EDFA
:105A0000251A97ED261AD7ED270A97ED280AF86888
:105A1000FFF71AFAFB6893F83430002B00F060842B
:105A2000FB78002B14D1D7F8B81097ED223AD7EDB8
:105A3000262A97ED272AD7ED281A97ED291AD7EDB0
:105A40002A0A97ED2B0AF868FFF71EFC00F049BC04
:105A5000D7ED257A27EEA77AD7ED247A67EEA77AD5
:105A600037EE277AD7ED237A67EEA77A77EE277A93
:105A7000C7ED217AD7ED217A9FED0E7AF4EEC77A41
:105A8000F1EE10FA18D5D7F8B81097ED223AD7ED05
:105A9000262A97ED272AD7ED281A97ED291AD7ED50
:105AA0002A0A97ED2B0AF868FFF7EEFB00F019BC05
:105AB000CDCCCC3DCCBC8C2BD7ED287A27EEA77A69
:105AC000D7ED277A67EEA77A37EE277AD7ED267AD1
:105AD00067EEA77A77EE277AC7ED207AD7ED207A9E
:105AE0001FED0C7AF4EEC77AF1EE10FA40F3D5828E
:105AF00097ED200A0AF010F887ED1F0AD7ED1F7AFC
:105B0000B6EE007AF4EEC77AF1EE10FAC0F2C58272
:105B1000D7ED1F7AB0EE007AF4EEC77AF1EE10FA04
:105B200000F2BB8297ED200AFEF750FF87ED1E0AB8
:105B300097ED287AD7ED1E7A67EE277AC7ED287A97
:105B400097ED277AD7ED1E7A67EE277AC7ED277A89
:105B500097ED267AD7ED1E7A67EE277AC7ED267A7B
:105B600097ED210AFEF732FF87ED1E0A97ED257AA1
:105B7000D7ED1E7A67EE277AC7ED257A97ED247A5E
:105B8000D7ED1E7A67EE277AC7ED247A97ED237A50
:105B9000D7ED1E7A67EE277AC7ED237AFB6893ED7F
:105BA000027AFB68D3ED027A67EE277AC7ED1D7A99
:105BB000FB6893ED027AFB68D3ED037A67EE277AF0
:105BC000C7ED1C7AFB6893ED027AFB68D3ED047A8B
:105BD00067EE277AC7ED1B7AFB6893ED027AFB68C4
:105BE000D3ED057A67EE277AC7ED1A7AFB6893ED55
:105BF000037AFB68D3ED037A67EE277AC7ED197A4B
:105C0000FB6893ED037AFB68D3ED047A67EE277A9D
:105C1000C7ED187AFB6893ED037AFB68D3ED057A3C
:105C200067EE277AC7ED177AFB6893ED047AFB6875
:105C3000D3ED047A67EE277AC7ED167AFB6893ED09
:105C4000047AFB68D3ED057A67EE277AC7ED157AFB
:105C5000FB6893ED057AFB68D3ED057A67EE277A4A
:105C6000C7ED147AB6EE007AD7ED167A37EE677A7A
:105C7000D7ED147A37EE677AD7ED257A27EE277AB3
:105C8000D7ED186AD7ED1A7A76EEE76AD7ED247A5F
:105C900066EEA77A37EE277AD7ED176AD7ED1B7A2B
:105CA00076EEA76AD7ED237A66EEA77A77EE277AA3
:105CB00077EEA77AC7ED137A97ED187AD7ED1A7AAF
:105CC00037EE277AD7ED257A27EE277AF6EE006AA7
:105CD000D7ED197A76EEE76AD7ED147A76EEE76AB1
:105CE000D7ED247A66EEA77A37EE277AD7ED156AD4
:105CF000D7ED1C7A76EEE76AD7ED237A66EEA77ABF
:105D000077EE277A77EEA77AC7ED127AD7ED137A76
:105D100027EEA77AD7ED127A67EEA77A77EE277A81
:105D2000B0EE670A09F0F8FE87ED110A97ED177AD1
:105D3000D7ED1B7A37EE677AD7ED257A27EE277AEB
:105D4000D7ED156AD7ED1C7A76EEA76AD7ED247ADF
:105D500066EEA77A37EE277AF6EE006AD7ED197A63
:105D600076EEE76AD7ED167A76EEE76AD7ED237A14
:105D700066EEA77A77EE277A77EEA77AC7ED107AE4
:105D800097ED177AD7ED1B7A77EE677AC7ED0F7A22
:105D900097ED1C7AD7ED157A77EE277AC7ED0E7A54
:105DA000D7ED1D7AB6EE007A77EEC77A97ED147AC2
:105DB00077EE277AC7ED0D7AB6EE007AD7ED167A30
:105DC00037EE677AD7ED147A37EE677AD7ED117A26
:105DD00027EE277AD7ED176AD7ED1B7A76EEE76ABA
:105DE000D7ED107A66EEA77A77EE277AC7ED0C7AB0
:105DF00097ED187AD7ED1A7A37EE677AD7ED117AE0
:105E000027EE277AD7ED1C6AD7ED157A76EEA76ACA
:105E1000D7ED107A66EEA77A77EE277AC7ED0B7A80
:105E200097ED1B7AD7ED177A37EE277AD7ED117AEF
:105E300027EE277AF6EE006AD7ED197A76EEE76A52
:105E4000D7ED167A76EEE76AD7ED107A66EEA77A86
:105E500077EE277AC7ED0A7A97ED277AD7ED0D7A94
:105E600027EE277AD7ED266AD7ED0E7A66EEA77A67
:105E700037EE677AD7ED246AD7ED0A7A66EEA76A1D
:105E800097ED236AD7ED0B7A66EE277A76EEE77AFE
:105E900077EE277AC7ED097A97ED267AD7ED0F7A54
:105EA00027EE277AD7ED286AD7ED0D7A66EEA77A26
:105EB00037EE677AD7ED236AD7ED0C7A66EEA76ADC
:105EC00097ED256AD7ED0A7A66EE277A76EEE77ABD
:105ED00077EE277AC7ED087A97ED287AD7ED0E7A14
:105EE00027EE277AD7ED276AD7ED0F7A66EEA77AE5
:105EF00037EE677AD7ED256AD7ED0B7A66EEA76A9B
:105F000097ED246AD7ED0C7A66EE277A76EEE77A7B
:105F100077EE277AC7ED077AFB68D3ED017AF5EEC5
:105F2000C07AF1EE10FA40F38580FB6893ED067AB3
:105F3000FB68D3ED016AD7ED097A66EEA76AD7ED63
:105F4000227A66EEA77A77EE277AFB68C3ED067AA7
:105F5000FB6893ED077AFB68D3ED016AD7ED087A09
:105F600066EEA76AD7ED227A66EEA77A77EE277AF1
:105F7000FB68C3ED077AFB6893ED087AFB68D3ED05
:105F8000016AD7ED077A66EEA76AD7ED227A66EE48
:105F9000A77A77EE277AFB68C3ED087AFB68D3ED22
:105FA000067A9FEDD11ADFEDD10AB0EE670AFEF74F
:105FB000E3FCF0EE407AFB68C3ED067AFB68D3EDB4
:105FC000077A9FEDC91ADFEDC90AB0EE670AFEF73E
:105FD000D3FCF0EE407AFB68C3ED077AFB68D3EDA3
:105FE000087A9FEDC11ADFEDC10AB0EE670AFEF72D
:105FF000C3FCF0EE407AFB68C3ED087AFB68D3ED92
:10600000067A97ED2B7A77EE277AC7ED2B7AFB6825
:10601000D3ED077A97ED2A7A77EE277AC7ED2A7AB9
:10602000FB68D3ED087A97ED297A77EE277AC7EDEA
:10603000297A0BE0FB684FF000029A61FB684FF091
:106040000002DA61FB684FF000021A62FB6893ED10
:10605000007AD7ED097A67EE277A97ED2B7A77EEFB
:10606000277AC7ED2B7AFB6893ED007AD7ED087A93
:1060700067EE277A97ED2A7A77EE277AC7ED2A7AA4
:10608000FB6893ED007AD7ED077A67EE277A97EDF4
:10609000297A77EE277AC7ED297AD7ED227AB6EEFC
:1060A000007A67EE877A97ED2B7A67EE277AC7ED4D
:1060B0002B7AD7ED227AB6EE007A67EE877A97EDE3
:1060C0002A7A67EE277AC7ED2A7AD7ED227AB6EEDA
:1060D000007A67EE877A97ED297A67EE277AC7ED1F
:1060E000297AFB689B68BB61FB68DB687B61FB68A6
:1060F0001B693B61FB6893ED027AD7ED057AF1EEFF
:10610000676AD7ED2B7A66EEA76A97ED046AD7ED3A
:106110002A7A66EE277A76EEE76AFB6893ED056ADF
:10612000D7ED297A66EE277A76EEE77A77EE277A48
:10613000FB68C3ED027AFB6893ED037AD7ED066A3C
:10614000D7ED2B7A66EEA76A97ED046AD7ED297A28
:1061500066EE277A76EEA76AFB6893ED056AD7EDBF
:106160002A7A66EE277A76EEE77A77EE277AFB6868
:10617000C3ED037AFB6893ED047AD7ED066AD7ED99
:106180002A7A66EEA76A97ED056AD7ED297A66EE58
:10619000277A76EEE76AFB6893ED056AD7ED2B7AEE
:1061A00066EE277A76EEA77A77EE277AFB68C3ED5C
:1061B000047AFB6893ED057AD7ED066AD7ED297A64
:1061C00066EEA76A97ED056AD7ED2A7A66EE277A1A
:1061D00076EEA76A97ED046AD7ED2B7A66EE277AFA
:1061E00076EEE77A77EE277AFB68C3ED057AFB68EF
:1061F00093ED027AFB68D3ED027A27EE277AFB68EB
:10620000D3ED036AFB68D3ED037A66EEA77A37EE27
:10621000277AFB68D3ED046AFB68D3ED047A66EE57
:10622000A77A37EE277AFB68D3ED056AFB68D3EDD2
:10623000057A66EEA77A77EE277AB0EE670AFEF760
:10624000C5FB87ED1E0AFB6893ED027AD7ED1E7A37
:1062500067EE277AFB68C3ED027AFB6893ED037A59
:10626000D7ED1E7A67EE277AFB68C3ED037AFB68E9
:1062700093ED047AD7ED1E7A67EE277AFB68C3EDBB
:10628000047AFB6893ED057AD7ED1E7A67EE277ADC
:10629000FB68C3ED057AFB68DB6A5A1CFB68DA62AF
:1062A000FB681B6B5A1CFB681A6397ED223AD7ED0B
:1062B000262A97ED272AD7ED281A97ED291AD7ED28
:1062C0002A0A97ED2B0AF868FEF756FCD7F8B810A3
:1062D000F868FEF705FD04E000BF02E000BF00E043
:1062E00000BFB037BD4680BD9A99993E9A9999BE34
:1062F00080B582B000AF78600B467B80798814232C
:106300000222786802F0F8FB0346002B01D101233A
:1063100000E0002318460837BD4680BD80B588B030
:1063200004AFF8607B600B467B8113467B727B7AFF
:106330009AB27989322302933B8B01937B68009355
:106340000123F86802F0A6F90346002B01D10123CE
:1063500000E0002318461037BD4680BD80B500AF71
:10636000FDF7BCFF0346002B01D1FDF747FEFDF70B
:10637000B5FF03461A46134B1A70FDF7BBFF0346E1
:106380001A46114B1A700F4B1B78DBB2002B01D051
:10639000FDF7C8FFFDF7BAFF03461A460B4B1A700C
:1063A000084B1B78DBB2002B06D0084B1B78DBB206
:1063B000002B01D0012300E00023DAB2044B1A7055
:1063C00000BF80BDCD090020CF090020CE090020EC
:1063D000CC09002080B584B002AF3B1D00210A46E5
:1063E0001A800A469A703C212248FFF781FF034633
:1063F0001A46214B1A70214B00221A70204B0022A2
:106400001A70204B00221A701F4B00221A701F4B6B
:1064100000221A70184B1B78DBB2002B23D03B1DD7
:10642000032200920A223C211248FFF777FF03461D
:10643000002B1AD03A79124B1A707A79114B1A70D4
:10644000BA79114B1A700D4B01221A703B79482B07
:106450000CD17B79342B09D1BB79332B06D10B4B73
:1064600001221A7002E000BF00E000BF0837BD46FD
:1064700080BD00BFC0070020D0090020D109002046
:10648000D2090020D3090020D4090020D50900201A
:1064900080B500AF214B1B680133204A136000F028
:1064A0004BFE03461E4A136001224FF400511D4863
:1064B00001F07EFEFFF752FFFFF78CFF1A4B1B78AF
:1064C000DBB2002B01D0012200E00022174B1A7032
:1064D000174B1B78DBB2002B06D0164B1B78DBB2B8
:1064E000002B01D0012300E00023DAB2124B1A7016
:1064F000114B1B78DAB2114B1A70104B1B78DAB2C1
:106500000F4B1A700D4B1B78DBB2002B01D06423AC
:1065100000E000230B4A136000BF80BDC4090020C7
:10652000C809002000080240D0090020D609002038
:10653000CC090020D5090020D7090020D809002067
:10654000D9090020DC09002080B582B000AF786056
:106550000E4B1B68002B06D101224FF400510C4852
:1065600001F026FE0FE00B4B1B687A68D21A074B2E
:106570001B689A4207D3074A7B6813604FF40051A7
:10658000034801F02EFE0837BD4680BDDC0900201F
:1065900000080240E009002080B500AF174B184A00
:1065A0001A60164B4FF482725A60144B00229A60A4
:1065B000124B0022DA60114B02221A610F4B0122AA
:1065C0005A610E4B4FF400729A610C4B1022DA6143
:1065D0000A4B00221A62094B00225A62074B002222
:1065E0009A62064B0A22DA62044803F0BDFB0346B6
:1065F000002B01D0FDF7E5F800BF80BDF40A0020B4
:106600000030014080B58AB000AF786007F1140314
:1066100000221A605A609A60DA601A617B681B680F
:10662000194A93422BD100233B61184B5B6C174AEC
:1066300043F480535364154B5B6C03F480533B610C
:106640003B690023FB60114B1B6B104A43F00103B5
:1066500013630E4B1B6B03F00103FB60FB68E0232D
:106660007B610223BB610023FB6103233B620523A3
:106670007B6207F114031946054801F031FB00BFA6
:106680002837BD4680BD00BF0030014000380240C1
:106690000000024080B483B000AF00237B60104B49
:1066A0005B6C0F4A43F4804353640D4B5B6C03F403
:1066B00080437B607B6800233B60094B1B6C084A6E
:1066C00043F080531364064B1B6C03F080533B6014
:1066D0003B6800BF0C37BD465DF8047B704700BFC8
:1066E0000038024080B400AF00BFFDE780B400AFC7
:1066F00000BFFDE780B400AF00BFFDE780B400AF8E
:1067000000BFFDE780B400AF00BFFDE780B400AF7D
:1067100000BFBD465DF8047B704780B400AF00BF8A
:10672000BD465DF8047B704780B400AF00BFBD4636
:106730005DF8047B704780B500AF00F0E9FC00BF56
:1067400080BD000080B500AF024801F05FF800BFD7
:1067500080BD00BF6808002080B500AF024801F08E
:1067600055F800BF80BD00BF5C0D002080B500AFB4
:10677000024804F0D3FF00BF80BD00BF240C0020FE
:1067800080B500AF024804F0C9FF00BF80BD00BF64
:106790006C0C002080B500AF024801F037F800BF54
:1067A00080BD00BFBC0D002080B500AF024801F0E5
:1067B0002DF800BF80BD00BFFC0C002080B500AFED
:1067C000024804F0ABFF00BF80BD00BFB40C002046
:1067D00080B400AF064BD3F88830054A43F4700309
:1067E000C2F8883000BFBD465DF8047B704700BF2B
:1067F00000ED00E080B586B000AF07F1080300228D
:106800001A605A609A60DA603B4600221A605A6049
:106810001D4B4FF080421A601B4B5F225A601A4B8F
:1068200000229A60184B4FF0FF32DA60164B0022BC
:106830001A61154B00229A61134803F0E7FE0346E4
:10684000002B01D0FCF7BDFF4FF48053BB6007F174
:10685000080319460C4804F04FF90346002B01D0F9
:10686000FCF7AFFF00233B6000237B603B461946EB
:10687000054804F0DBFC0346002B01D0FCF7A1FF28
:1068800000BF1837BD4680BD4C0B002080B58EB0D0
:1068900000AF07F1280300221A605A609A60DA609C
:1068A00007F1200300221A605A603B1D00221A6083
:1068B0005A609A60DA601A615A619A61324B334ABF
:1068C0001A60314B5F225A602F4B00229A602E4B88
:1068D0004FF6FF72DA602C4B00221A612A4B00221D
:1068E0009A61294803F092FE0346002B01D0FCF781
:1068F00068FF4FF48053BB6207F128031946224812
:1069000004F0FAF80346002B01D0FCF75AFF1E48AA
:1069100003F026FF0346002B01D0FCF752FF0023B3
:106920003B6200237B6207F120031946164804F0FE
:106930007DFC0346002B01D0FCF743FF60237B6006
:106940004FF47A73BB600023FB6000237B613B1D27
:10695000002219460C4804F00DF80346002B01D024
:10696000FCF72FFF3B1D04221946074804F002F8EC
:106970000346002B01D0FCF724FF034800F0D6F8B3
:1069800000BF3837BD4680BD940B00200004004096
:1069900080B58EB000AF07F1280300221A605A605C
:1069A0009A60DA6007F1200300221A605A603B1DEA
:1069B00000221A605A609A60DA601A615A619A611C
:1069C000324B334A1A60314B5F225A602F4B002200
:1069D0009A602E4B4FF6FF72DA602C4B00221A6140
:1069E0002A4B00229A61294803F010FE0346002B2F
:1069F00001D0FCF7E6FE4FF48053BB6207F1280399
:106A00001946224804F078F80346002B01D0FCF721
:106A1000D8FE1E4803F0A4FE0346002B01D0FCF76D
:106A2000D0FE00233B6200237B6207F1200319465E
:106A3000164804F0FBFB0346002B01D0FCF7C1FE17
:106A400060237B604FF47A73BB600023FB600023FC
:106A50007B613B1D002219460C4803F08BFF034667
:106A6000002B01D0FCF7ADFE3B1D04221946074860
:106A700003F080FF0346002B01D0FCF7A2FE034881
:106A800000F054F800BF3837BD4680BDDC0B002055
:106A90000008004080B487B000AF78607B681B6856
:106AA000B3F1804F0ED100237B611D4B1B6C1C4A40
:106AB00043F0010313641A4B1B6C03F001037B6169
:106AC0007B6926E07B681B68164A93420ED100233F
:106AD0003B61134B1B6C124A43F002031364104BCF
:106AE0001B6C03F002033B613B6912E07B681B688F
:106AF0000D4A93420DD10023FB60094B1B6C084AE1
:106B000043F004031364064B1B6C03F00403FB60A7
:106B1000FB6800BF1C37BD465DF8047B704700BFB3
:106B200000380240000400400008004080B58AB0F0
:106B300000AF786007F1140300221A605A609A606F
:106B4000DA601A617B681B68244A93421ED10023D5
:106B50003B61234B1B6B224A43F002031363204B20
:106B60001B6B03F002033B613B6930237B61022313
:106B7000BB610023FB6100233B6202237B6207F1C0
:106B800014031946174801F0ABF822E07B681B6834
:106B9000154A93421DD10023FB60114B1B6B104A19
:106BA00043F0020313630E4B1B6B03F00203FB6005
:106BB000FB68C0237B610223BB610023FB610023D0
:106BC0003B6202237B6207F114031946054801F07A
:106BD00087F800BF2837BD4680BD00BF00040040D5
:106BE00000380240000402400008004080B500AFB9
:106BF000114B124A1A60104B4FF4E1325A600E4B9F
:106C000000229A600C4B0022DA600B4B00221A61C2
:106C1000094B0C225A61084B00229A61064B002254
:106C2000DA61054804F070FB0346002B01D0FCF745
:106C3000C8FD00BF80BD00BF240C00200010014033
:106C400080B500AF114B124A1A60104B4FF4164238
:106C50005A600E4B00229A600C4B0022DA600B4BFC
:106C600000221A61094B0C225A61084B00229A61DA
:106C7000064B0022DA61054804F046FB0346002B70
:106C800001D0FCF79EFD00BF80BD00BF6C0C002052
:106C90000044004080B500AF114B124A1A60104BFF
:106CA0004FF4E1325A600E4B00229A600C4B0022E6
:106CB000DA600B4B00221A61094B0C225A61084B17
:106CC00000229A61064B0022DA61054804F01CFBA1
:106CD0000346002B01D0FCF774FD00BF80BD00BF50
:106CE000B40C00200014014080B58EB000AF786075
:106CF00007F1240300221A605A609A60DA601A6170
:106D00007B681B68A04A934265D100233B629F4B7E
:106D10005B6C9E4A43F0100353649C4B5B6C03F026
:106D200010033B623B6A0023FB61984B1B6B974A45
:106D300043F001031363954B1B6B03F00103FB61ED
:106D4000FB694FF4C0637B620223BB620023FB62DA
:106D500003233B6307237B6307F1240319468C4815
:106D600000F0BEFF8B4B8C4A1A608A4B4FF00062DA
:106D70005A60884B00229A60864B0022DA60854B6D
:106D80004FF480621A61834B00225A61814B0022CA
:106D90009A61804B4FF48072DA617E4B4FF48032FF
:106DA0001A627C4B00225A627A4800F039FB034693
:106DB000002B01D0FCF705FD7B68764ADA63754A43
:106DC0007B68936300220021252000F0E4FA25204F
:106DD00000F0FDFAD3E07B681B68704A934264D1EF
:106DE0000023BB61694B1B6C684A43F40033136496
:106DF000664B1B6C03F40033BB61BB6900237B61F2
:106E0000624B1B6B614A43F0010313635F4B1B6BC7
:106E100003F001037B617B690C237B620223BB626D
:106E20000023FB6203233B6307237B6307F12403F7
:106E30001946574800F054FF594B5A4A1A60584BAC
:106E40004FF000625A60564B00229A60544B002269
:106E5000DA60534B4FF480621A61514B00225A6141
:106E60004F4B00229A614E4B4FF48072DA614C4BCB
:106E70004FF480321A624A4B00225A62484800F0AE
:106E8000CFFA0346002B01D0FCF79BFC7B68444AF9
:106E9000DA63434A7B68936300220021262000F0D6
:106EA0007AFA262000F093FA69E07B681B683E4A74
:106EB000934264D100233B61344B5B6C334A43F013
:106EC00020035364314B5B6C03F020033B613B694F
:106ED0000023FB602D4B1B6B2C4A43F00103136313
:106EE0002A4B1B6B03F00103FB60FB684FF4C0539C
:106EF0007B620223BB620023FB6203233B63082304
:106F00007B6307F124031946214800F0E9FE274B73
:106F1000274A1A60254B4FF020625A60234B00220B
:106F20009A60224B0022DA60204B4FF480621A6193
:106F30001E4B00225A611D4B00229A611B4B4FF4DD
:106F40008072DA61194B4FF400321A62174B00223B
:106F50005A62164800F064FA0346002B01D0FCF791
:106F600030FC7B68114ADA63104A7B689363002225
:106F70000021472000F00FFA472000F028FA00BF58
:106F80003837BD4680BD00BF0010014000380240C8
:106F900000000240FC0C002040640240004400401D
:106FA0005C0D00208860024000140140BC0D0020F0
:106FB0002864024080B582B000AF78607B681B68AF
:106FC000254A934213D1254B5B6C244A23F01003CE
:106FD00053644FF4C061224801F006F87B68DB6B14
:106FE000184600F0CBFA252000F0FFF92FE07B686F
:106FF0001B681C4A934212D1184B1B6C174A23F48E
:10700000003313640C21164800F0EEFF7B68DB6B45
:10701000184600F0B3FA262000F0E7F917E07B6885
:107020001B68114A934212D10C4B5B6C0B4A23F044
:10703000200353644FF4C051094800F0D5FF7B682A
:10704000DB6B184600F09AFA472000F0CEF900BF3B
:107050000837BD4680BD00BF001001400038024027
:1070600000000240004400400014014080B500AF21
:107070000E4B1B680D4A43F4007313600B4B1B68E7
:107080000A4A43F480631360084B1B68074A43F4C1
:1070900080731360032000F073F90F2000F008F8EC
:1070A000FFF7F8FA0023184680BD00BF003C0240FD
:1070B00080B582B000AF7860124B1A68124B1B7813
:1070C00019464FF47A73B3FBF1F3B2FBF3F31846AE
:1070D00000F099F90346002B01D001230EE07B68F4
:1070E0000F2B0AD8002279684FF0FF3000F053F9D7
:1070F000064A7B681360002300E001231846083726
:10710000BD4680BD0C0300201403002010030020A6
:1071100080B400AF064B1B781A46064B1B6813441D
:10712000044A136000BFBD465DF8047B704700BF92
:10713000140300201C0E002080B400AF034B1B681A
:107140001846BD465DF8047B704700BF1C0E00204A
:1071500080B584B000AF7860FFF7EEFFB8607B6861
:10716000FB60FB68B3F1FF3F05D00A4B1B781A4662
:10717000FB681344FB6000BFFFF7DEFF0246BB68FD
:10718000D31AFA689A42F7D800BF00BF1037BD463D
:1071900080BD00BF1403002080B485B000AF7860CC
:1071A0007B6803F00703FB600C4BDB68BB60BA68CD
:1071B0004FF6FF031340BB60FB681A02BB68134322
:1071C00043F0BF6343F40033BB60044ABB68D36041
:1071D00000BF1437BD465DF8047B704700ED00E04A
:1071E00080B400AF044BDB681B0A03F007031846AA
:1071F000BD465DF8047B704700ED00E080B483B0CD
:1072000000AF0346FB7197F90730002B0BDBFB79CE
:1072100003F01F02074997F907305B09012000FAC4
:1072200002F241F8232000BF0C37BD465DF8047B15
:10723000704700BF00E100E080B483B000AF0346B8
:10724000FB7197F90730002B12DBFB7903F01F026B
:107250000A4997F907305B09012000FA02F220334E
:1072600041F82320BFF34F8F00BFBFF36F8F00BFE4
:1072700000BF0C37BD465DF8047B704700E100E0BD
:1072800080B483B000AF03463960FB7197F90730D3
:10729000002B0ADB3B68DAB20C4997F90730120180
:1072A000D2B20B4483F800230AE03B68DAB2084903
:1072B000FB7903F00F03043B1201D2B20B441A76A0
:1072C00000BF0C37BD465DF8047B704700E100E06D
:1072D00000ED00E080B489B000AFF860B9607A607A
:1072E000FB6803F00703FB61FB69C3F10703042B91
:1072F00028BF0423BB61FB690433062B02D9FB6959
:10730000033B00E000237B614FF0FF32BB6902FAD0
:1073100003F3DA43BB681A407B699A404FF0FF31B0
:107320007B6901FA03F3D9437B680B40134318468A
:107330002437BD465DF8047B7047000080B582B0FD
:1073400000AF78607B68013BB3F1807F01D30123FC
:107350000FE00A4A7B68013B53600F214FF0FF307A
:10736000FFF78EFF054B00229A60044B07221A603C
:10737000002318460837BD4680BD00BF10E000E07E
:1073800080B582B000AF78607868FFF705FF00BF76
:107390000837BD4680BD80B586B000AF0346B960F2
:1073A0007A60FB7300237B61FFF71AFF78617A68CC
:1073B000B9687869FFF78EFF024697F90F301146DA
:1073C0001846FFF75DFF00BF1837BD4680BD80B58A
:1073D00082B000AF0346FB7197F907301846FFF7FC
:1073E0000DFF00BF0837BD4680BD80B582B000AF3D
:1073F0000346FB7197F907301846FFF71DFF00BFE2
:107400000837BD4680BD80B582B000AF786078682F
:10741000FFF794FF034618460837BD4680BD0000BD
:1074200080B586B000AF786000237B61FFF784FEF3
:1074300038617B68002B01D1012399E07B6802222F
:1074400083F835207B68002283F834207B681B6832
:107450001A687B681B6822F001021A600FE0FFF7D0
:107460006BFE02463B69D31A052B08D97B682022A4
:107470005A657B68032283F83520032378E07B6814
:107480001B681B6803F00103002BE8D17B681B68B5
:107490001B687B617A69384B13407B617B685A6853
:1074A0007B689B681A437B68DB681A437B681B69AF
:1074B0001A437B685B691A437B689B691A437B6844
:1074C000DB691A437B681B6A13437A6913437B6148
:1074D0007B685B6A042B07D17B68DA6A7B681B6B6D
:1074E00013437A6913437B617B681B687A691A606E
:1074F0007B681B685B697B617B6923F007037B61A9
:107500007B685B6A7A6913437B617B685B6A042BE7
:1075100017D17B689B6A7A6913437B617B68DB6A5E
:10752000002B0ED0786800F05FFB0346002B08D0DC
:107530007B6840225A657B68012283F8352001234D
:1075400016E07B681B687A695A61786800F016FB60
:107550000346FB607B68DB6D3F229A40FB689A60C4
:107560007B6800225A657B68012283F8352000235E
:1075700018461837BD4680BD3F8010F080B584B0F6
:1075800000AF78607B68002B01D1012350E07B685D
:1075900093F83530DBB2022B01D1022348E07B683F
:1075A0001B681A687B681B6822F001021A607B68FE
:1075B0001B6800221A607B681B6800225A607B6887
:1075C0001B6800229A607B681B680022DA607B6877
:1075D0001B6800221A617B681B6821225A61786847
:1075E00000F0CCFA0346FB607B680022DA637B681C
:1075F00000221A647B6800225A647B6800229A6425
:107600007B680022DA647B6800221A657B68DB6D88
:107610003F229A40FB689A607B6800225A657B682B
:10762000002283F835207B68002283F83420002371
:1076300018461037BD4680BD80B586B000AFF860F3
:10764000B9607A603B600023FB75FB689B6D3B6112
:10765000FB6893F83430012B01D1022340E0FB6832
:10766000012283F83420FB6893F83530DBB2012B1C
:107670002FD1FB68022283F83520FB6800225A656F
:107680003B687A68B968F86800F04AFAFB68DB6D15
:107690003F229A403B699A60FB681B681A68FB6846
:1076A0001B6842F016021A60FB681B6C002B07D0A7
:1076B000FB681B681A68FB681B6842F008021A60C6
:1076C000FB681B681A68FB681B6842F001021A60BD
:1076D00005E0FB68002283F834200223FB75FB7D64
:1076E00018461837BD4680BD80B584B000AF7860BD
:1076F0007B689B6DFB60FFF71FFDB8607B6893F8AC
:107700003530DBB2022B08D07B6880225A657B685B
:10771000002283F83420012352E07B681B681A683A
:107720007B681B6822F016021A607B681B685A6926
:107730007B681B6822F080025A617B681B6C002BFF
:1077400003D17B689B6C002B07D07B681B681A6891
:107750007B681B6822F008021A607B681B681A6845
:107760007B681B6822F001021A6013E0FFF7E4FC5B
:107770000246BB68D31A052B0CD97B6820225A65B8
:107780007B68032283F835207B68002283F834204D
:10779000032315E07B681B681B6803F00103002BC3
:1077A000E4D17B68DB6D3F229A40FB689A607B687E
:1077B000012283F835207B68002283F834200023DF
:1077C00018461037BD4680BD80B483B000AF7860E6
:1077D0007B6893F83530DBB2022B04D07B688022C3
:1077E0005A6501230CE07B68052283F835207B680D
:1077F0001B681A687B681B6822F001021A6000236C
:1078000018460C37BD465DF8047B704780B586B0DE
:1078100000AF78600023BB608E4B1B688E4AA2FBD2
:1078200003239B0A7B617B689B6D3B613B691B6803
:10783000FB607B68DB6D08229A40FB681340002BDD
:107840001AD07B681B681B6803F00403002B13D05D
:107850007B681B681A687B681B6822F004021A6048
:107860007B68DB6D08229A403B699A607B685B6DA0
:1078700043F001027B685A657B68DB6D01229A4008
:10788000FB681340002B12D07B681B685B6903F018
:107890008003002B0BD07B68DB6D01229A403B6993
:1078A0009A607B685B6D43F002027B685A657B6877
:1078B000DB6D04229A40FB681340002B12D07B68DA
:1078C0001B681B6803F00203002B0BD07B68DB6D89
:1078D00004229A403B699A607B685B6D43F0040226
:1078E0007B685A657B68DB6D10229A40FB68134009
:1078F000002B43D07B681B681B6803F00803002B38
:107900003CD07B68DB6D10229A403B699A607B68B3
:107910001B681B6803F48023002B18D07B681B684E
:107920001B6803F40023002B08D17B681B6C002B21
:1079300024D07B681B6C786898471FE07B689B6C41
:10794000002B1BD07B689B6C7868984716E07B689F
:107950001B681B6803F48073002B07D17B681B68CE
:107960001A687B681B6822F008021A607B681B6C2F
:10797000002B03D07B681B6C786898477B68DB6DB5
:1079800020229A40FB681340002B00F08F807B6818
:107990001B681B6803F01003002B00F087807B68D6
:1079A000DB6D20229A403B699A607B6893F8353002
:1079B000DBB2052B36D17B681B681A687B681B68B5
:1079C00022F016021A607B681B685A697B681B6884
:1079D00022F080025A617B681B6C002B03D17B680C
:1079E0009B6C002B07D07B681B681A687B681B6840
:1079F00022F008021A607B68DB6D3F229A403B69E7
:107A00009A607B68012283F835207B68002283F826
:107A100034207B681B6D002B7ED07B681B6D7868E3
:107A2000984779E07B681B681B6803F48023002B70
:107A30001DD07B681B681B6803F40023002B0DD14D
:107A40007B685B6C002B31D07B685B6C78689847F7
:107A50002CE000BF0C030020B5814E1B7B68DB6B64
:107A6000002B23D07B68DB6B786898471EE07B682F
:107A70001B681B6803F48073002B0FD17B681B68A5
:107A80001A687B681B6822F010021A607B6801226A
:107A900083F835207B68002283F834207B68DB6B19
:107AA000002B03D07B68DB6B786898477B685B6D45
:107AB000002B32D07B685B6D03F00103002B22D0DA
:107AC0007B68052283F835207B681B681A687B6811
:107AD0001B6822F001021A60BB680133BB607A693F
:107AE0009A4207D37B681B681B6803F00103002BD5
:107AF000F2D100E000BF7B68012283F835207B686B
:107B0000002283F834207B68DB6C002B05D07B6877
:107B1000DB6C7868984700E000BF1837BD4680BD31
:107B200080B485B000AFF860B9607A603B60FB68F4
:107B30001B681A68FB681B6822F480221A60FB68C5
:107B40001B683A685A60FB689B68402B08D1FB6849
:107B50001B687A689A60FB681B68BA68DA6007E09D
:107B6000FB681B68BA689A60FB681B687A68DA6011
:107B700000BF1437BD465DF8047B704780B485B004
:107B800000AF78607B681B68DBB2103B144AA2FB35
:107B900003231B09FB60134AFB6813441B781A4636
:107BA0007B68DA65FB68032B09D97B681B6823F4C3
:107BB0007F7323F003031A1D7B689A6507E07B68D7
:107BC0001B6823F47F7323F003037A6893657B6853
:107BD0009B6D18461437BD465DF8047B704700BFA7
:107BE000ABAAAAAA040E010880B485B000AF7860E1
:107BF0000023FB737B689B6ABB607B689B69002BDF
:107C00001FD1BB68032B56D801A252F823F000BF46
:107C1000217C0008337C0008217C0008B77C000828
:107C20007B68DB6A03F08073002B46D00123FB7373
:107C300043E07B68DB6AB3F1C07F40D10123FB7373
:107C40003DE07B689B69B3F5005F21D1BB68032BE6
:107C500037D801A252F823F0697C00086F7C000835
:107C6000697C0008817C00080123FB7330E07B689D
:107C7000DB6A03F08073002B25D00123FB7322E025
:107C80007B68DB6AB3F1C07F1FD10123FB731CE06B
:107C9000BB68022B03D9BB68032B03D018E0012378
:107CA000FB7315E07B68DB6A03F08073002B0ED05A
:107CB0000123FB730BE000BF0AE000BF08E000BF38
:107CC00006E000BF04E000BF02E000BF00E000BF2C
:107CD000FB7B18461437BD465DF8047B704700BF38
:107CE00080B489B000AF7860396000237B610023E5
:107CF0003B610023BB610023FB6159E10122FB6969
:107D000002FA03F37B613B681B687A6913403B61AD
:107D10003A697B699A4240F048813B685B6803F0AE
:107D20000303012B05D03B685B6803F00303022BC0
:107D300030D17B689B68BB61FB695B00032202FA60
:107D400003F3DB43BA691340BB613B68DA68FB6944
:107D50005B0002FA03F3BA691343BB617B68BA693B
:107D60009A607B685B68BB610122FB6902FA03F3DE
:107D7000DB43BA691340BB613B685B681B0903F0D6
:107D80000102FB6902FA03F3BA691343BB617B6822
:107D9000BA695A603B685B6803F00303032B17D092
:107DA0007B68DB68BB61FB695B00032202FA03F3BB
:107DB000DB43BA691340BB613B689A68FB695B00AF
:107DC00002FA03F3BA691343BB617B68BA69DA60EC
:107DD0003B685B6803F00303022B23D1FB69DA08DD
:107DE0007B68083253F82230BB61FB6903F007035C
:107DF0009B000F2202FA03F3DB43BA691340BB6115
:107E00003B681A69FB6903F007039B0002FA03F35E
:107E1000BA691343BB61FB69DA087B680832B96948
:107E200043F822107B681B68BB61FB695B0003227F
:107E300002FA03F3DB43BA691340BB613B685B683A
:107E400003F00302FB695B0002FA03F3BA69134310
:107E5000BB617B68BA691A603B685B6803F44033B6
:107E6000002B00F0A2800023FB60574B5B6C564A4E
:107E700043F480435364544B5B6C03F48043FB60D6
:107E8000FB68524AFB699B08023352F82330BB61FE
:107E9000FB6903F003039B000F2202FA03F3DB43A9
:107EA000BA691340BB617B68494A934219D07B6829
:107EB000484A934213D07B68474A93420DD07B686F
:107EC000464A934207D07B68454A934201D1042336
:107ED00008E0072306E0032304E0022302E0012375
:107EE00000E00023FA6902F0030292009340BA69AD
:107EF0001343BB613549FB699B080233BA6941F8FA
:107F00002320384B9B68BB613B69DB43BA69134054
:107F1000BB613B685B6803F48013002B03D0BA6934
:107F20003B691343BB612F4ABB6993602D4BDB68F0
:107F3000BB613B69DB43BA691340BB613B685B686B
:107F400003F40013002B03D0BA693B691343BB61F0
:107F5000244ABB69D360234B5B68BB613B69DB434D
:107F6000BA691340BB613B685B6803F40033002BC4
:107F700003D0BA693B691343BB611A4ABB695360BA
:107F8000184B1B68BB613B69DB43BA691340BB619B
:107F90003B685B6803F48033002B03D0BA693B690C
:107FA0001343BB610F4ABB691360FB690133FB617B
:107FB000FB690F2B7FF6A2AE00BF00BF2437BD4682
:107FC0005DF8047B704700BF003802400038014074
:107FD000000002400004024000080240000C024081
:107FE00000100240003C014080B487B000AF7860D0
:107FF000396000233B610023FB600023BB6000234A
:108000007B61BBE001227B6902FA03F33B613A68C2
:108010003B691340FB60FA683B699A4240F0AB80D1
:108020005C4A7B699B08023352F82330BB607B6952
:1080300003F003039B000F2202FA03F3BA68134014
:10804000BB607B68544A934219D07B68534A934281
:1080500013D07B68524A93420DD07B68514A9342B9
:1080600007D07B68504A934201D1042308E00723DC
:1080700006E0032304E0022302E0012300E00023E2
:108080007A6902F0030292009340BA689A4232D1B0
:10809000464B1A68FB68DB43444913400B60434B73
:1080A0005A68FB68DB43414913404B603F4BDA6839
:1080B000FB68DB433D491340CB603C4B9A68FB684F
:1080C000DB433A4913408B607B6903F003039B0059
:1080D0000F2202FA03F3BB602E4A7B699B0802332E
:1080E00052F82310BB68DA432A487B699B080A4090
:1080F000023340F823207B681A687B695B00032108
:1081000001FA03F3DB431A407B681A607B69DA08E3
:108110007B68083253F822107B6903F007039B0049
:108120000F2202FA03F3DB437A69D20819407B6815
:10813000083243F822107B68DA687B695B00032110
:1081400001FA03F3DB431A407B68DA607B685A6804
:1081500001217B6901FA03F3DB431A407B685A6013
:108160007B689A687B695B00032101FA03F3DB43B8
:108170001A407B689A607B6901337B617B690F2BB6
:108180007FF640AF00BF00BF1C37BD465DF8047BE3
:10819000704700BF00380140000002400004024068
:1081A00000080240000C024000100240003C014068
:1081B00080B483B000AF78600B467B8013467B7041
:1081C0007B78002B03D07A887B689A6103E07B88F8
:1081D0001A047B689A6100BF0C37BD465DF8047BCA
:1081E000704780B485B000AF78600B467B807B68B9
:1081F0005B69FB607A88FB6813401A04FB68D9430B
:108200007B880B401A437B689A6100BF1437BD46D8
:108210005DF8047B7047000080B584B000AF7860E3
:108220007B68002B01D101232BE17B6893F83D3063
:10823000DBB2002B06D17B68002283F83C207868F3
:10824000FAF7DEFD7B68242283F83D207B681B68FB
:108250001A687B681B6822F001021A607B681B6841
:108260001A687B681B6842F400421A607B681B68CE
:108270001A687B681B6822F400421A6001F04CFD0A
:10828000F8607B685B68814A934207D8FB68804A44
:10829000934294BF01230023DBB206E0FB687D4AD2
:1082A000934294BF01230023DBB2002B01D00123B2
:1082B000E7E0FB68784AA2FB03239B0CBB607B686A
:1082C0001B685B6823F03F017B681B68BA680A4340
:1082D0005A607B681B681B6A23F03F017B685B6800
:1082E0006A4A934202D8BB68013309E0BB684FF485
:1082F000967202FB03F3694AA2FB03239B09013335
:108300007A6812680B4313627B681B68DB6923F48D
:108310004F4222F0FF027B685B685C498B4219D8B0
:10832000FB68591E7B685B685B00B1FBF3F3591C6B
:1083300040F6FC730B40002B0AD0FB68591E7B688B
:108340005B685B00B1FBF3F30133C3F30B0351E054
:1083500004234FE07B689B68002B11D1FB68581EFB
:108360007B6859680B465B000B44B0FBF3F30133A9
:10837000C3F30B03002B0CBF01230023DBB212E07D
:10838000FB68581E7B6859680B469B000B4499009C
:108390000B44B0FBF3F30133C3F30B03002B0CBF0F
:1083A00001230023DBB2002B01D0012322E07B68F4
:1083B0009B68002B0ED1FB68581E7B6859680B46E2
:1083C0005B000B44B0FBF3F30133C3F30B0343F443
:1083D00000430FE0FB68581E7B6859680B469B0002
:1083E0000B4499000B44B0FBF3F30133C3F30B03CD
:1083F00043F44043796809681343CB617B681B6889
:108400001B6823F0C0017B68DA697B681B6A1A432A
:108410007B681B680A431A607B681B689B6823F4AF
:10842000034323F0FF037A6811697A68D268114325
:108430007A6812680B4393607B681B68DB6823F0E3
:10844000FF017B685A697B689B691A437B681B68DC
:108450000A43DA607B681B681A687B681B6842F015
:1084600001021A607B6800221A647B68202283F86C
:108470003D207B6800221A637B68002283F83E203F
:10848000002318461037BD4680BD00BFA0860100FE
:108490007F841E00FF083D0083DE1B43D34D621026
:1084A00080B588B002AFF860084611461A46034608
:1084B0007B810B463B811346FB80FEF73DFE7861D6
:1084C000FB6893F83D30DBB2202B40F0D9807B690C
:1084D0000093192301226D49F86800F0B9FD0346A5
:1084E000002B01D00223CCE0FB6893F83C30012B39
:1084F00001D10223C5E0FB68012283F83C20FB6820
:108500001B681B6803F00103012B07D0FB681B6885
:108510001A68FB681B6842F001021A60FB681B685E
:108520001A68FB681B6822F400621A60FB6821224B
:1085300083F83D20FB68402283F83E20FB68002240
:108540001A64FB683A6A5A62FB68BA8C5A85FB68FF
:108550005B8D9AB2FB681A85FB684D4ADA62F8882F
:108560003A8979897B690193BB6A00930346F8686D
:1085700000F0F0FB0346002B52D0012381E07A6922
:10858000B96AF86800F07EFE0346002B0DD0FB6848
:108590001B6C042B07D1FB681B681A68FB681B68FF
:1085A00042F400721A6001236BE0FB685B6A1A7880
:1085B000FB681B681A61FB685B6A5A1CFB685A629D
:1085C000FB681B8D013B9AB2FB681A85FB685B8DCB
:1085D0009BB2013B9AB2FB685A85FB681B685B69DA
:1085E00003F00403042B1BD1FB681B8D002B17D059
:1085F000FB685B6A1A78FB681B681A61FB685B6A38
:108600005A1CFB685A62FB681B8D013B9AB2FB68DF
:108610001A85FB685B8D9BB2013B9AB2FB685A8559
:10862000FB681B8D002BAAD17A69B96AF86800F043
:1086300071FE0346002B0DD0FB681B6C042B07D189
:10864000FB681B681A68FB681B6842F400721A60BA
:10865000012316E0FB681B681A68FB681B6842F47C
:1086600000721A60FB68202283F83D20FB6800221C
:1086700083F83E20FB68002283F83C20002300E0C2
:10868000022318461837BD4680BD00BF0200100007
:108690000000FFFF80B58CB002AFF86008461146BD
:1086A0001A4603467B810B463B811346FB80FEF74F
:1086B00043FD7862FB6893F83D30DBB2202B40F03D
:1086C00014827B6A0093192301227B49F86800F029
:1086D000BFFC0346002B01D0022307E2FB6893F89E
:1086E0003C30012B01D1022300E2FB68012283F818
:1086F0003C20FB681B681B6803F00103012B07D0BB
:10870000FB681B681A68FB681B6842F001021A606C
:10871000FB681B681A68FB681B6822F400621A6019
:10872000FB68222283F83D20FB68402283F83E202C
:10873000FB6800221A64FB683A6B5A62FB68BA8EC7
:108740005A85FB685B8D9AB2FB681A85FB685B4AA9
:10875000DA62F8883A8979897B6A0193BB6B009366
:108760000346F86800F08CFB0346002B01D0012380
:10877000BCE1FB681B8D002B13D100233B62FB681F
:108780001B685B693B62FB681B689B693B623B6AD9
:10879000FB681B681A68FB681B6842F400721A6069
:1087A00090E1FB681B8D012B1BD1FB681B681A68CD
:1087B000FB681B6822F480621A600023FB61FB687F
:1087C0001B685B69FB61FB681B689B69FB61FB695C
:1087D000FB681B681A68FB681B6842F400721A6029
:1087E00070E1FB681B8D022B1BD1FB681B681A68AC
:1087F000FB681B6822F480621A60FB681B681A68B9
:10880000FB681B6842F400621A600023BB61FB68CE
:108810001B685B69BB61FB681B689B69BB61BB69CB
:1088200050E100237B61FB681B685B697B61FB682F
:108830001B689B697B617B6944E1FB681B8D032B93
:1088400000F2F180FB681B8D012B23D17A6AB96B92
:10885000F86800F0A7FD0346002B01D0012345E195
:10886000FB681B681A69FB685B6AD2B21A70FB6806
:108870005B6A5A1CFB685A62FB681B8D013B9AB20B
:10888000FB681A85FB685B8D9BB2013B9AB2FB6863
:108890005A8517E1FB681B8D022B4ED17B6A009332
:1088A000BB6B00220649F86800F0D2FB0346002BA0
:1088B00008D001231AE100BF020010000000FFFFF2
:1088C00004000100FB681B681A68FB681B6842F41F
:1088D00000721A60FB681B681A69FB685B6AD2B297
:1088E0001A70FB685B6A5A1CFB685A62FB681B8D36
:1088F000013B9AB2FB681A85FB685B8D9BB2013B1A
:108900009AB2FB685A85FB681B681A69FB685B6A48
:10891000D2B21A70FB685B6A5A1CFB685A62FB6829
:108920001B8D013B9AB2FB681A85FB685B8D9BB27D
:10893000013B9AB2FB685A85C4E07B6A0093BB6B2B
:1089400000226C49F86800F083FB0346002B01D03D
:108950000123CBE0FB681B681A68FB681B6822F4E4
:1089600080621A60FB681B681A69FB685B6AD2B296
:108970001A70FB685B6A5A1CFB685A62FB681B8DA5
:10898000013B9AB2FB681A85FB685B8D9BB2013B89
:108990009AB2FB685A857B6A0093BB6B00225549EB
:1089A000F86800F055FB0346002B01D001239DE041
:1089B000FB681B681A68FB681B6842F400721A6047
:1089C000FB681B681A69FB685B6AD2B21A70FB68A5
:1089D0005B6A5A1CFB685A62FB681B8D013B9AB2AA
:1089E000FB681A85FB685B8D9BB2013B9AB2FB6802
:1089F0005A85FB681B681A69FB685B6AD2B21A70F9
:108A0000FB685B6A5A1CFB685A62FB681B8D013B62
:108A10009AB2FB681A85FB685B8D9BB2013B9AB2E8
:108A2000FB685A854EE07A6AB96BF86800F0BAFCC8
:108A30000346002B01D0012358E0FB681B681A692C
:108A4000FB685B6AD2B21A70FB685B6A5A1CFB68EF
:108A50005A62FB681B8D013B9AB2FB681A85FB6862
:108A60005B8D9BB2013B9AB2FB685A85FB681B6821
:108A70005B6903F00403042B24D1FB681B8D032BDB
:108A800007D1FB681B681A68FB681B6822F48062C8
:108A90001A60FB681B681A69FB685B6AD2B21A70BD
:108AA000FB685B6A5A1CFB685A62FB681B8D013BC2
:108AB0009AB2FB681A85FB685B8D9BB2013B9AB248
:108AC000FB685A85FB681B8D002B7FF4B6AEFB68F4
:108AD000202283F83D20FB68002283F83E20FB68BB
:108AE000002283F83C20002300E0022318462837A8
:108AF000BD4680BD0400010080B58AB002AFF860B9
:108B00007A603B600B467B81FEF716FBF861002321
:108B1000BB61FB6893F83D30DBB2202B40F0118144
:108B2000FB690093192301228849F86800F090FA44
:108B30000346002B01D0022304E1FB6893F83C308C
:108B4000012B01D10223FDE0FB68012283F83C20C8
:108B5000FB681B681B6803F00103012B07D0FB684F
:108B60001B681A68FB681B6842F001021A60FB6808
:108B70001B681A68FB681B6822F400621A60FB68B5
:108B8000242283F83D20FB6800221A64FB68704AA7
:108B9000DA62FB681B681A68FB681B6842F4807223
:108BA0001A60FB6900933B6800224FF00111F868DE
:108BB00000F04EFA0346002B0DD0FB681B681B68C3
:108BC00003F48073B3F5807F03D1FB684FF4007228
:108BD0001A640323B6E07B89DBB21A46FB681B6884
:108BE00002F0FE021A61FEF7A7FAF861FB681B6843
:108BF0005B6903F00203022B0CBF01230023DBB2ED
:108C0000FB75FB681B685B6903F48063B3F5806FD9
:108C10000CBF01230023DBB2BB7525E0FEF78CFA05
:108C20000246FB69D31A3A689A4202D33B68002B8A
:108C300003D1FB68A02283F83D20FB681B685B69B9
:108C400003F00203022B0CBF01230023DBB2FB75F0
:108C5000FB681B685B6903F48063B3F5806F0CBF2E
:108C600001230023DBB2BB75FB6893F83D30DBB218
:108C7000A02B05D0FB7D002B02D1BB7D002BCDD0DE
:108C8000FB68202283F83D20FB681B685B6903F0CA
:108C90000203022B29D1FB681B681A68FB681B685A
:108CA00042F400721A6000233B61FB681B685B6939
:108CB0003B61FB681B689B693B613B69FB690093F7
:108CC000192301222149F86800F0C2F90346002B5C
:108CD00001D0012336E0FB68202283F83D20FB68A9
:108CE000002283F83C2000232CE0FB681B681A68F4
:108CF000FB681B6842F400721A60FB681B686FF423
:108D000080625A61FB690093192301220F49F868B8
:108D100000F09EF90346002B01D0012312E0BB694D
:108D20000133BB61BA697B689A42FFF432AFFB68DA
:108D3000202283F83D20FB68002283F83C20012399
:108D400000E0022318462037BD4680BD0200100017
:108D50000000FFFF80B588B002AFF86008461146FA
:108D60001A4603467B810B463B811346FB80FB681A
:108D70001B681A68FB681B6842F480721A607B6A81
:108D800000933B6A00224FF00111F86800F060F98F
:108D90000346002B0DD0FB681B681B6803F480732F
:108DA000B3F5807F03D1FB684FF400721A6403238C
:108DB0005FE07B89DBB21A46FB681B6802F0FE02AB
:108DC0001A617B6A3A6A2D49F86800F0BBF90346DC
:108DD000002B01D001234CE000237B61FB681B6862
:108DE0005B697B61FB681B689B697B617B697A6A55
:108DF000396AF86800F046FA0346002B0DD0FB688C
:108E00001B6C042B07D1FB681B681A68FB681B6886
:108E100042F400721A6001232BE0FB88012B05D17C
:108E20003B89DAB2FB681B681A6121E03B891B0AA7
:108E30009BB2DAB2FB681B681A617A6A396AF86811
:108E400000F020FA0346002B0DD0FB681B6C042BAE
:108E500007D1FB681B681A68FB681B6842F4007244
:108E60001A60012305E03B89DAB2FB681B681A61CE
:108E7000002318461837BD4680BD00BF0200010020
:108E800080B588B002AFF860084611461A4603461E
:108E90007B810B463B811346FB80FB681B681A688D
:108EA000FB681B6842F480621A60FB681B681A68E2
:108EB000FB681B6842F480721A607B6A00933B6A0D
:108EC00000224FF00111F86800F0C2F80346002BB1
:108ED0000DD0FB681B681B6803F48073B3F5807FBB
:108EE00003D1FB684FF400721A640323AAE07B8964
:108EF000DBB21A46FB681B6802F0FE021A617B6A4D
:108F00003A6A5249F86800F01DF90346002B01D077
:108F1000012397E000237B61FB681B685B697B6131
:108F2000FB681B689B697B617B697A6A396AF868B0
:108F300000F0A8F90346002B0DD0FB681B6C042B36
:108F400007D1FB681B681A68FB681B6842F4007253
:108F50001A60012376E0FB88012B05D13B89DAB248
:108F6000FB681B681A6121E03B891B0A9BB2DAB2DD
:108F7000FB681B681A617A6A396AF86800F082F93E
:108F80000346002B0DD0FB681B6C042B07D1FB683C
:108F90001B681A68FB681B6842F400721A600123A0
:108FA00050E03B89DAB2FB681B681A617A6A396A59
:108FB000F86800F067F90346002B0DD0FB681B6CC6
:108FC000042B07D1FB681B681A68FB681B6842F416
:108FD00000721A60012335E0FB681B681A68FB68A1
:108FE0001B6842F480721A607B6A00933B6A00221D
:108FF0004FF00111F86800F02BF80346002B0DD05C
:10900000FB681B681B6803F48073B3F5807F03D192
:10901000FB684FF400721A64032313E07B89DBB210
:1090200043F00103DAB2FB681B681A617B6A3A6A93
:109030000649F86800F086F80346002B01D00123AA
:1090400000E0002318461837BD4680BD020001002D
:1090500080B584B000AFF860B9603B601346FB7127
:1090600048E03B68B3F1FF3F44D0FEF765F80246A5
:10907000BB69D31A3A689A4202D33B68002B39D1B4
:10908000BB681B0CDBB2012B0DD1FB681B685B6955
:10909000DA43BB6813409BB2002B0CBF01230023B3
:1090A000DBB21A460CE0FB681B689B69DA43BB68BD
:1090B00013409BB2002B0CBF01230023DBB21A46E6
:1090C000FB799A4216D1FB6800221A63FB682022C2
:1090D00083F83D20FB68002283F83E20FB681B6C70
:1090E00043F02002FB681A64FB68002283F83C20EE
:1090F000012323E0BB681B0CDBB2012B0DD1FB6805
:109100001B685B69DA43BB6813409BB2002B0CBF42
:1091100001230023DBB21A460CE0FB681B689B6945
:10912000DA43BB6813409BB2002B0CBF0123002322
:10913000DBB21A46FB799A4293D0002318461037C7
:10914000BD4680BD80B584B000AFF860B9607A607C
:109150003B6071E0FB681B685B6903F48063B3F5F7
:10916000806F23D1FB681B681A68FB681B6842F498
:1091700000721A60FB681B686FF480625A61FB68BA
:1091800000221A63FB68202283F83D20FB6800223E
:1091900083F83E20FB681B6C43F00402FB681A64F2
:1091A000FB68002283F83C20012367E07B68B3F171
:1091B000FF3F41D0FDF7C0FF02463B68D31A7A68F3
:1091C0009A4202D37B68002B36D1BB681B0CDBB202
:1091D000012B0CD1FB681B685B69DA43BB68134049
:1091E0009BB2002B14BF01230023DBB20BE0FB6812
:1091F0001B689B69DA43BB6813409BB2002B14BF0A
:1092000001230023DBB2002B16D0FB6800221A6377
:10921000FB68202283F83D20FB68002283F83E2073
:10922000FB681B6C43F02002FB681A64FB68002299
:1092300083F83C20012321E0BB681B0CDBB2012B2F
:109240000CD1FB681B685B69DA43BB6813409BB2B7
:10925000002B14BF01230023DBB20BE0FB681B686B
:109260009B69DA43BB6813409BB2002B14BF0123F8
:109270000023DBB2002B7FF46DAF002318461037BC
:10928000BD4680BD80B584B000AFF860B9607A603B
:1092900034E0F86800F0E3F80346002B01D0012326
:1092A00034E0BB68B3F1FF3F28D0FDF745FF02462D
:1092B0007B68D31ABA689A4202D3BB68002B1DD1CF
:1092C000FB681B685B6903F08003802B16D0FB688A
:1092D00000221A63FB68202283F83D20FB680022ED
:1092E00083F83E20FB681B6C43F02002FB681A6485
:1092F000FB68002283F83C20012307E0FB681B6821
:109300005B6903F08003802BC3D10023184610371C
:10931000BD4680BD80B584B000AFF860B9607A60AA
:1093200034E0F86800F09BF80346002B01D00123DD
:1093300034E0BB68B3F1FF3F28D0FDF7FDFE0246E5
:109340007B68D31ABA689A4202D3BB68002B1DD13E
:10935000FB681B685B6903F00403042B16D0FB68F1
:1093600000221A63FB68202283F83D20FB6800225C
:1093700083F83E20FB681B6C43F02002FB681A64F4
:10938000FB68002283F83C20012307E0FB681B6890
:109390005B6903F00403042BC3D100231846103784
:1093A000BD4680BD80B584B000AFF860B9607A601A
:1093B00049E0FB681B685B6903F01003102B19D1AF
:1093C000FB681B686FF010025A61FB6800221A6389
:1093D000FB68202283F83D20FB68002283F83E20B2
:1093E000FB681A6CFB681A64FB68002283F83C2057
:1093F000012330E0FDF7A0FE02467B68D31ABA686D
:109400009A4202D3BB68002B1DD1FB681B685B69C5
:1094100003F04003402B16D0FB6800221A63FB6860
:10942000202283F83D20FB68002283F83E20FB6861
:109430001B6C43F02002FB681A64FB68002283F86F
:109440003C20012307E0FB681B685B6903F04003D5
:10945000402BAED1002318461037BD4680BD80B4E6
:1094600083B000AF78607B681B685B6903F480633E
:10947000B3F5806F1BD17B681B686FF480625A6103
:109480007B6800221A637B68202283F83D207B687A
:10949000002283F83E207B681B6C43F004027B684B
:1094A0001A647B68002283F83C20012300E000233B
:1094B00018460C37BD465DF8047B704780B586B012
:1094C00000AF78607B68002B01D1012367E27B68E5
:1094D0001B6803F00103002B75D0884B9B6803F0D9
:1094E0000C03042B0CD0854B9B6803F00C03082B5A
:1094F00012D1824B5B6803F48003B3F5800F0BD16C
:109500007E4B1B6803F40033002B5BD07B685B68E9
:10951000002B57D1012342E27B685B68B3F5803FA3
:1095200006D1764B1B68754A43F4803313601DE007
:109530007B685B68B3F5A02F0CD1704B1B686F4A3A
:1095400043F4802313606D4B1B686C4A43F48033F3
:1095500013600BE0694B1B68684A23F48033136087
:10956000664B1B68654A23F4802313607B685B6845
:10957000002B13D0FDF7E0FD386108E0FDF7DCFDBE
:1095800002463B69D31A642B01D9032307E25B4BE4
:109590001B6803F40033002BF0D014E0FDF7CCFD82
:1095A000386108E0FDF7C8FD02463B69D31A642B19
:1095B00001D90323F3E1514B1B6803F40033002B63
:1095C000F0D100E000BF7B681B6803F00203002BB2
:1095D00063D04A4B9B6803F00C03002B0BD0474B26
:1095E0009B6803F00C03082B1CD1444B5B6803F40D
:1095F0008003002B16D1414B1B6803F00203002BA4
:1096000005D07B68DB68012B01D00123C7E13B4B10
:109610001B6823F0F8027B681B69DB0037491343A2
:109620000B603AE07B68DB68002B20D0344B0122D2
:109630001A60FDF781FD386108E0FDF77DFD024607
:109640003B69D31A022B01D90323A8E12B4B1B68DA
:1096500003F00203002BF0D0284B1B6823F0F80224
:109660007B681B69DB00254913430B6015E0244B25
:1096700000221A60FDF760FD386108E0FDF75CFD2F
:1096800002463B69D31A022B01D9032387E11B4B06
:109690001B6803F00203002BF0D17B681B6803F00A
:1096A0000803002B36D07B685B69002B16D0154B66
:1096B00001221A60FDF740FD386108E0FDF73CFD2E
:1096C00002463B69D31A022B01D9032367E10B4BF6
:1096D0005B6F03F00203002BF0D01BE0094B00226C
:1096E0001A60FDF729FD38610EE0FDF725FD024601
:1096F0003B69D31A022B07D9032350E100380240FB
:1097000000004742800E4742884B5B6F03F0020324
:10971000002BEAD17B681B6803F00403002B00F0E8
:1097200097800023FB75814B1B6C03F08053002B4B
:109730000FD10023BB607D4B1B6C7C4A43F08053F0
:1097400013647A4B1B6C03F08053BB60BB6801232E
:10975000FB75774B1B6803F48073002B18D1744B97
:109760001B68734A43F480731360FDF7E5FC3861AE
:1097700008E0FDF7E1FC02463B69D31A022B01D950
:1097800003230CE16A4B1B6803F48073002BF0D0B9
:109790007B689B68012B06D1644B1B6F634A43F0C7
:1097A000010313671CE07B689B68052B0CD15F4BA2
:1097B0001B6F5E4A43F0040313675C4B1B6F5B4AED
:1097C00043F0010313670BE0584B1B6F574A23F01C
:1097D00001031367554B1B6F544A23F004031367AF
:1097E0007B689B68002B15D0FDF7A6FC38610AE06A
:1097F000FDF7A2FC02463B69D31A41F2883293423C
:1098000001D90323CBE0494B1B6F03F00203002B6C
:10981000EED014E0FDF790FC38610AE0FDF78CFC17
:1098200002463B69D31A41F28832934201D903239D
:10983000B5E03E4B1B6F03F00203002BEED1FB7D26
:10984000012B05D1394B1B6C384A23F0805313642C
:109850007B689B69002B00F0A180344B9B6803F070
:109860000C03082B5CD07B689B69022B41D1314BE8
:1098700000221A60FDF760FC386108E0FDF75CFC2F
:1098800002463B69D31A022B01D9032387E0274BF9
:109890001B6803F00073002BF0D17B68DA697B68EA
:1098A0001B6A1A437B685B6A9B011A437B689B6A4D
:1098B0005B08013B1B041A437B68DB6A1B061B49E0
:1098C00013434B601B4B01221A60FDF735FC3861D6
:1098D00008E0FDF731FC02463B69D31A022B01D99F
:1098E00003235CE0114B1B6803F00073002BF0D0E6
:1098F00054E0104B00221A60FDF71EFC386108E0AE
:10990000FDF71AFC02463B69D31A022B01D9032347
:1099100045E0064B1B6803F00073002BF0D13DE0DF
:109920007B689B69012B07D1012338E00038024096
:1099300000700040600047421B4B5B68FB607B6827
:109940009B69012B28D0FB6803F480027B68DB69EC
:109950009A4221D1FB6803F03F027B681B6A9A425E
:109960001AD1FA6847F6C07313407A68526A9201B6
:10997000934211D1FB6803F440327B689B6A5B0819
:10998000013B1B049A4207D1FB6803F070627B68BD
:10999000DB6A1B069A4201D0012300E0002318462F
:1099A0001837BD4680BD00BF0038024080B584B086
:1099B00000AF786039607B68002B01D10123CCE0D7
:1099C000684B1B6803F007033A689A420CD9654B51
:1099D0003A68D2B21A70634B1B6803F007033A6807
:1099E0009A4201D00123B8E07B681B6803F00203B0
:1099F000002B20D07B681B6803F00403002B05D0EC
:109A0000594B9B68584A43F4E05393607B681B684A
:109A100003F00803002B05D0534B9B68524A43F4D4
:109A200060439360504B9B6823F0F0027B689B6817
:109A30004D4913438B607B681B6803F00103002BC7
:109A400044D07B685B68012B07D1474B1B6803F44C
:109A50000033002B19D101237FE07B685B68022B68
:109A600003D07B685B68032B07D13F4B1B6803F077
:109A70000073002B09D101236FE03B4B1B6803F0FF
:109A80000203002B01D1012367E0374B9B6823F0D1
:109A900003027B685B68344913438B60FDF74CFB22
:109AA000F8600AE0FDF748FB0246FB68D31A41F272
:109AB0008832934201D903234FE02B4B9B6803F07C
:109AC0000C027B685B689B009A42EBD1254B1B68BC
:109AD00003F007033A689A420CD2224B3A68D2B29A
:109AE0001A70204B1B6803F007033A689A4201D0B2
:109AF000012332E07B681B6803F00403002B08D0CD
:109B0000194B9B6823F4E0527B68DB6816491343CA
:109B10008B607B681B6803F00803002B09D0124B95
:109B20009B6823F460427B681B69DB000E4913438A
:109B30008B6000F021F802460B4B9B681B0903F079
:109B40000F030A49CB5C22FA03F3094A1360094B5D
:109B50001B681846FDF7ACFA002318461037BD46BF
:109B600080BD00BF003C024000380240EC0D0108FF
:109B70000C030020100300202DE9B04F90B000AF7F
:109B800000237B630023FB6300233B630023BB6351
:109B9000584B9B6803F00C03082B0DD0082B00F2E8
:109BA000A080002B02D0042B03D09AE0524BBB6361
:109BB0009AE0524BBB6397E04E4B5B6803F03F0368
:109BC0007B634C4B5B6803F48003002B27D0494B2D
:109BD0005B689B0900223B627A623B6AC3F3080020
:109BE0000021464B03FB01F2002300FB03F3134467
:109BF000424AA0FB0221F962BA62FA6A1344FB628C
:109C00007B6B0022BB61FA61D7E90623D7E90A0121
:109C1000F7F72AF802460B461346FB6353E0354B31
:109C20005B689B0900223B617A613B69C3F3080AC8
:109C30004FF0000B52465B464FF000004FF0000122
:109C4000590141EAD261500102460B46B2EB0A08C3
:109C500063EB0B094FF000024FF000034FEA89134A
:109C600043EA98634FEA8812B2EB080463EB0905F4
:109C70004FF000024FF00003EB0043EA5473E200A0
:109C800014461D4614EB0A033B6045EB0B037B6057
:109C90004FF000024FF00003D7E9004529468B0240
:109CA000214643EA915321468A02104619467B6BAE
:109CB0000022BB60FA60D7E90223F6F7D5FF02461F
:109CC0000B461346FB630B4B5B681B0C03F0030353
:109CD00001335B003B63FA6B3B6BB2FBF3F3BB639B
:109CE00002E0054BBB6300BFBB6B18464037BD4667
:109CF000BDE8B08F003802400024F40040787D01B8
:109D000080B400AF034B1B681846BD465DF8047B6A
:109D1000704700BF0C03002080B500AFFFF7F0FFD5
:109D20000246054B9B689B0A03F007030349CB5C83
:109D300022FA03F3184680BD00380240FC0D0108EA
:109D400080B500AFFFF7DCFF0246054B9B685B0B5D
:109D500003F007030349CB5C22FA03F3184680BDE6
:109D600000380240FC0D010880B582B000AF786079
:109D70007B68002B01D101237BE07B685B6A002BB1
:109D800008D17B685B68B3F5827F09D07B680022CD
:109D9000DA6105E07B6800221A617B6800225A6163
:109DA0007B6800229A627B6893F85130DBB2002B0B
:109DB00006D17B68002283F850207868FCF722FCEB
:109DC0007B68022283F851207B681B681A687B68D5
:109DD0001B6822F040021A607B685B6803F48272A1
:109DE0007B689B6803F404431A437B68DB6803F4D5
:109DF00000631A437B681B6903F002031A437B6804
:109E00005B6903F001031A437B689B6903F40073E9
:109E10001A437B68DB6903F038031A437B681B6ACB
:109E200003F0800342EA03017B689B6A03F400525B
:109E30007B681B680A431A607B689B691B0C03F0F4
:109E400004017B685B6A03F010027B681B680A43AD
:109E50005A607B681B68DA697B681B6822F40062C1
:109E6000DA617B6800225A657B68012283F8512001
:109E7000002318460837BD4680BD80B588B000AFC6
:109E8000F860B9603B601346FB80FDF755F9F86157
:109E9000FB887B83FB6893F85130DBB2012B01D048
:109EA00002232AE1BB68002B02D0FB88002B01D1E2
:109EB000012322E1FB6893F85030012B01D10223EA
:109EC0001BE1FB68012283F85020FB68032283F822
:109ED0005120FB6800225A65FB68BA681A63FB6868
:109EE000FA889A86FB68FA88DA86FB6800229A6309
:109EF000FB6800229A87FB680022DA87FB68002251
:109F00005A64FB6800221A64FB689B68B3F5004F33
:109F10000FD1FB681B681A68FB681B6822F04002BF
:109F20001A60FB681B681A68FB681B6842F4804271
:109F30001A60FB681B681B6803F04003402B07D0C6
:109F4000FB681B681A68FB681B6842F040021A60D5
:109F5000FB68DB68B3F5006F52D1FB685B68002BD0
:109F600002D07B8B012B45D1FB681B6B1A88FB68E9
:109F70001B68DA60FB681B6B9A1CFB681A63FB6842
:109F8000DB8E9BB2013B9AB2FB68DA8632E0FB685B
:109F90001B689B6803F00203022B12D1FB681B6B4A
:109FA0001A88FB681B68DA60FB681B6B9A1CFB68ED
:109FB0001A63FB68DB8E9BB2013B9AB2FB68DA86C0
:109FC00018E0FDF7B9F80246FB69D31A3A689A42DD
:109FD00003D83B68B3F1FF3F02D13B68002B09D1A6
:109FE000FB68012283F85120FB68002283F850208F
:109FF000032382E0FB68DB8E9BB2002BC7D153E0CA
:10A00000FB685B68002B02D07B8B012B47D1FB6880
:10A010001A6BFB681B680C3312781A70FB681B6B99
:10A020005A1CFB681A63FB68DB8E9BB2013B9AB239
:10A03000FB68DA8633E0FB681B689B6803F0020369
:10A04000022B13D1FB681A6BFB681B680C33127868
:10A050001A70FB681B6B5A1CFB681A63FB68DB8E6B
:10A060009BB2013B9AB2FB68DA8618E0FDF764F810
:10A070000246FB69D31A3A689A4203D83B68B3F1A7
:10A08000FF3F02D13B68002B09D1FB68012283F816
:10A090005120FB68002283F8502003232DE0FB6849
:10A0A000DB8E9BB2002BC6D1FA693968F86800F0E4
:10A0B00059FA0346002B02D0FB6820225A65FB6840
:10A0C0009B68002B0AD100237B61FB681B68DB685F
:10A0D0007B61FB681B689B687B617B69FB68012275
:10A0E00083F85120FB68002283F85020FB685B6DE9
:10A0F000002B01D0012300E0002318462037BD4685
:10A1000080BD80B58AB000AFF860B9607A607B80AE
:10A1100001237B62FDF710F83862FB6893F8513039
:10A12000FB77FB685B68BB617B88FB82FB7F012B55
:10A130000CD0BB69B3F5827F06D1FB689B68002B0E
:10A1400002D1FB7F042B01D002237FE1BB68002BEF
:10A1500005D07B68002B02D07B88002B01D1012326
:10A1600074E1FB6893F85030012B01D102236DE1BB
:10A17000FB68012283F85020FB6893F85130DBB272
:10A18000042B03D0FB68052283F85120FB680022D2
:10A190005A65FB687A689A63FB687A88DA87FB6895
:10A1A0007A889A87FB68BA681A63FB687A88DA86C5
:10A1B000FB687A889A86FB6800221A64FB68002292
:10A1C0005A64FB681B681B6803F04003402B07D0F0
:10A1D000FB681B681A68FB681B6842F040021A6043
:10A1E000FB68DB68B3F5006F7ED1FB685B68002B12
:10A1F00002D0FB8A012B6CD1FB681B6B1A88FB68B1
:10A200001B68DA60FB681B6B9A1CFB681A63FB68AF
:10A21000DB8E9BB2013B9AB2FB68DA8659E0FB68A1
:10A220001B689B6803F00203022B1BD1FB68DB8ECB
:10A230009BB2002B16D07B6A012B13D1FB681B6BE2
:10A240001A88FB681B68DA60FB681B6B9A1CFB684A
:10A250001A63FB68DB8E9BB2013B9AB2FB68DA861D
:10A2600000237B62FB681B689B6803F00103012BE2
:10A2700019D1FB68DB8F9BB2002B14D0FB681B68E5
:10A28000DA68FB689B6B92B21A80FB689B6B9A1C26
:10A29000FB689A63FB68DB8F9BB2013B9AB2FB6859
:10A2A000DA8701237B62FCF747FF02463B6AD31A39
:10A2B0003A6B9A420DD83B6BB3F1FF3F09D0FB6874
:10A2C000012283F85120FB68002283F850200323E9
:10A2D000BCE0FB68DB8E9BB2002BA0D1FB68DB8F60
:10A2E0009BB2002B9BD182E0FB685B68002B02D005
:10A2F000FB8A012B71D1FB681A6BFB681B680C335E
:10A3000012781A70FB681B6B5A1CFB681A63FB6897
:10A31000DB8E9BB2013B9AB2FB68DA865DE0FB689C
:10A320001B689B6803F00203022B1CD1FB68DB8EC9
:10A330009BB2002B17D07B6A012B14D1FB681A6BE0
:10A34000FB681B680C3312781A70FB681B6B5A1C75
:10A35000FB681A63FB68DB8E9BB2013B9AB2FB6819
:10A36000DA8600237B62FB681B689B6803F00103AD
:10A37000012B19D1FB68DB8F9BB2002B14D0FB683B
:10A380001B68DA68FB689B6BD2B21A70FB689B6B28
:10A390005A1CFB689A63FB68DB8F9BB2013B9AB245
:10A3A000FB68DA8701237B62FCF7C6FE02463B6A44
:10A3B000D31A3A6B9A4203D83B6BB3F1FF3F02D1F9
:10A3C0003B6B002B09D1FB68012283F85120FB680D
:10A3D000002283F85020032338E0FB68DB8E9BB219
:10A3E000002B9CD1FB68DB8F9BB2002B97D13A6A84
:10A3F000396BF86800F0B6F80346002B08D0FB680C
:10A4000020225A65FB68002283F8502001231DE0BA
:10A41000FB689B68002B0AD100233B61FB681B682B
:10A42000DB683B61FB681B689B683B613B69FB68C1
:10A43000012283F85120FB68002283F85020FB683A
:10A440005B6D002B01D0012300E000231846283764
:10A45000BD4680BD80B588B000AFF860B9603B6094
:10A460001346FB71FCF768FE0246BB6A9B1A3A680A
:10A470001344FB61FCF760FEB861394B1B685B015C
:10A480001B0DFA6902FB03F37B6155E03B68B3F1F6
:10A49000FF3F51D0FCF750FE0246BB69D31AFA6960
:10A4A0009A4202D9FB69002B3DD1FB681B685A68B0
:10A4B000FB681B6822F0E0025A60FB685B68B3F53A
:10A4C000827F11D1FB689B68B3F5004F04D0FB6815
:10A4D0009B68B3F5806F07D1FB681B681A68FB683F
:10A4E0001B6822F040021A60FB689B6AB3F5005FAC
:10A4F0000FD1FB681B681A68FB681B6822F40052C6
:10A500001A60FB681B681A68FB681B6842F40052FB
:10A510001A60FB68012283F85120FB68002283F84F
:10A520005020032318E07B69002B02D10023FB613C
:10A5300002E07B69013B7B61FB681B689A68BB6832
:10A540001340BA689A420CBF01230023DBB21A46BB
:10A55000FB799A429AD1002318462037BD4680BD28
:10A560000C03002080B588B002AFF860B9607A6053
:10A570007B680093BB6801220221F868FFF76AFF3D
:10A580000346002B07D0FB685B6D43F02002FB689D
:10A590005A65032332E01B4B1B681B4AA2FB0323B3
:10A5A0005B0D4FF47A7202FB03F37B61FB685B681F
:10A5B000B3F5827F12D17B680093BB6800228021B3
:10A5C000F868FFF747FF0346002B16D0FB685B6D6A
:10A5D00043F02002FB685A6503230FE07B69002BE0
:10A5E0000AD07B69013B7B61FB681B689B6803F0B9
:10A5F0008003802BF2D000E000BF002318461837FC
:10A60000BD4680BD0C030020819F5E1680B582B0E0
:10A6100000AF78607B68002B01D1012341E07B68AB
:10A6200093F83D30DBB2002B06D17B68002283F823
:10A630003C207868FCF72EFA7B68022283F83D20E4
:10A640007B681A687B6804331946104600F01CFBCF
:10A650007B68012283F846207B68012283F83E2034
:10A660007B68012283F83F207B68012283F8402029
:10A670007B68012283F841207B68012283F8422015
:10A680007B68012283F843207B68012283F8442001
:10A690007B68012283F845207B68012283F83D20F6
:10A6A000002318460837BD4680BD000080B485B041
:10A6B00000AF78607B6893F83D30DBB2012B01D0AE
:10A6C00001233CE07B68022283F83D207B681B6805
:10A6D0001E4A934218D07B681B68B3F1804F13D099
:10A6E0007B681B681A4A93420ED07B681B68194A24
:10A6F000934209D07B681B68174A934204D07B6859
:10A700001B68164A934211D17B681B689B6803F053
:10A710000703FB60FB68062B10D07B681B681A6878
:10A720007B681B6842F001021A6007E07B681B68C7
:10A730001A687B681B6842F001021A600023184601
:10A740001437BD465DF8047B704700BF0000014030
:10A750000004004000080040000C004000400140A0
:10A7600080B582B000AF78607B68002B01D10123F7
:10A7700041E07B6893F83D30DBB2002B06D17B686B
:10A78000002283F83C20786800F039F87B680222C8
:10A7900083F83D207B681A687B68043319461046AD
:10A7A00000F072FA7B68012283F846207B68012260
:10A7B00083F83E207B68012283F83F207B680122DA
:10A7C00083F840207B68012283F841207B680122C6
:10A7D00083F842207B68012283F843207B680122B2
:10A7E00083F844207B68012283F845207B6801229E
:10A7F00083F83D20002318460837BD4680BD80B44D
:10A8000083B000AF786000BF0C37BD465DF8047BB5
:10A810007047000080B584B000AF786039603B6855
:10A82000002B09D17B6893F83E30DBB2012B14BFBB
:10A8300001230023DBB222E03B68042B09D17B68B3
:10A8400093F83F30DBB2012B14BF01230023DBB2AE
:10A8500015E03B68082B09D17B6893F84030DBB2E8
:10A86000012B14BF01230023DBB208E07B6893F8BF
:10A870004130DBB2012B14BF01230023DBB2002BDC
:10A8800001D0012368E03B68002B04D17B680222E1
:10A8900083F83E2013E03B68042B04D17B6802223E
:10A8A00083F83F200BE03B68082B04D17B68022231
:10A8B00083F8402003E07B68022283F841207B6814
:10A8C0001B6801223968184600F08AFC7B681B6807
:10A8D000234A934207D17B681B685A6C7B681B68CC
:10A8E00042F400425A647B681B681D4A934218D0A8
:10A8F0007B681B68B3F1804F13D07B681B68194AD3
:10A9000093420ED07B681B68174A934209D07B683C
:10A910001B68164A934204D07B681B68144A934212
:10A9200011D17B681B689B6803F00703FB60FB6821
:10A93000062B10D07B681B681A687B681B6842F086
:10A9400001021A6007E07B681B681A687B681B6855
:10A9500042F001021A60002318461037BD4680BD40
:10A96000000001400004004000080040000C0040CE
:10A970000040014080B586B000AFF860B9607A60F1
:10A980000023FB75FB6893F83C30012B01D10223B7
:10A99000AEE0FB68012283F83C207B680C2B00F2C0
:10A9A0009F8001A252F823F0DDA90008E1AA000867
:10A9B000E1AA0008E1AA00081DAA0008E1AA00080F
:10A9C000E1AA0008E1AA00085FAA0008E1AA0008BD
:10A9D000E1AA0008E1AA00089FAA0008FB681B681A
:10A9E000B968184600F0D6F9FB681B689A69FB68DD
:10A9F0001B6842F008029A61FB681B689A69FB6851
:10AA00001B6822F004029A61FB681B689969BB68A5
:10AA10001A69FB681B680A439A6164E0FB681B685B
:10AA2000B968184600F01CFAFB681B689A69FB6855
:10AA30001B6842F400629A61FB681B689A69FB68B4
:10AA40001B6822F480629A61FB681B689969BB6885
:10AA50001B691A02FB681B680A439A6143E0FB68A2
:10AA60001B68B968184600F067FAFB681B68DA696A
:10AA7000FB681B6842F00802DA61FB681B68DA6950
:10AA8000FB681B6822F00402DA61FB681B68D96965
:10AA9000BB681A69FB681B680A43DA6123E0FB683C
:10AAA0001B68B968184600F0B1FAFB681B68DA69E0
:10AAB000FB681B6842F40062DA61FB681B68DA69B4
:10AAC000FB681B6822F48062DA61FB681B68D96945
:10AAD000BB681B691A02FB681B680A43DA6102E063
:10AAE0000123FB7500BFFB68002283F83C20FB7D3F
:10AAF00018461837BD4680BD80B584B000AF786079
:10AB000039600023FB737B6893F83C30012B01D143
:10AB10000223B4E07B68012283F83C207B68022298
:10AB200083F83D207B681B689B68BB60BB6823F093
:10AB30007703BB60BB6823F47F43BB607B681B6803
:10AB4000BA689A603B681B68B3F5005F3ED0B3F506
:10AB5000005F00F28780B3F5805F00F08680B3F578
:10AB6000805F7FD8702B1AD0702B7BD8602B50D091
:10AB7000602B77D8502B3CD0502B73D8402B58D01B
:10AB8000402B6FD8302B64D0302B6BD8202B60D06B
:10AB9000202B67D8002B5CD0102B5AD062E07B684A
:10ABA00018683B6899683B685A683B68DB6800F046
:10ABB000F7FA7B681B689B68BB60BB6843F0770350
:10ABC000BB607B681B68BA689A604FE07B68186856
:10ABD0003B6899683B685A683B68DB6800F0E0FABC
:10ABE0007B681B689A687B681B6842F480429A60A5
:10ABF0003CE07B6818683B6859683B68DB681A462C
:10AC000000F054FA7B681B685021184600F0ADFA3A
:10AC10002CE07B6818683B6859683B68DB681A461B
:10AC200000F073FA7B681B686021184600F09DFAFB
:10AC30001CE07B6818683B6859683B68DB681A460B
:10AC400000F034FA7B681B684021184600F08DFA4A
:10AC50000CE07B681A683B681B681946104600F0D8
:10AC600084FA03E00123FB7300E000BF7B6801224C
:10AC700083F83D207B68002283F83C20FB7B18464C
:10AC80001037BD4680BD000080B485B000AF78604D
:10AC900039607B681B68FB607B68374A93420FD042
:10ACA0007B68B3F1804F0BD07B68344A934207D066
:10ACB0007B68334A934203D07B68324A934208D17F
:10ACC000FB6823F07003FB603B685B68FA68134322
:10ACD000FB607B68284A93421BD07B68B3F1804FAE
:10ACE00017D07B68254A934213D07B68244A93424D
:10ACF0000FD07B68234A93420BD07B68224A934251
:10AD000007D07B68214A934203D07B68204A934254
:10AD100008D1FB6823F44073FB603B68DB68FA688A
:10AD20001343FB60FB6823F080023B685B691343BD
:10AD3000FB603B689A687B68DA623B681A687B68EC
:10AD40009A627B680C4A934203D13B681A697B681C
:10AD50001A637B681B6843F004027B681A607B6897
:10AD600001225A617B68FA681A6000BF1437BD4639
:10AD70005DF8047B704700BF000001400004004004
:10AD800000080040000C0040004001400044014029
:10AD90000048014080B487B000AF786039607B68BC
:10ADA0001B6A7B617B681B6A23F001027B681A6265
:10ADB0007B685B683B617B689B69FB60FB6823F099
:10ADC0007003FB60FB6823F00303FB603B681B68B8
:10ADD000FA681343FB607B6923F002037B613B68E5
:10ADE0009B687A6913437B617B681C4A93420CD150
:10ADF0007B6923F008037B613B68DB687A69134356
:10AE00007B617B6923F004037B617B68134A934277
:10AE100011D13B6923F480733B613B6923F40073D8
:10AE20003B613B685B693A6913433B613B689B69E3
:10AE30003A6913433B617B683A695A607B68FA68F8
:10AE40009A613B685A687B685A637B687A691A62C0
:10AE500000BF1C37BD465DF8047B70470000014011
:10AE600080B487B000AF786039607B681B6A7B6113
:10AE70007B681B6A23F010027B681A627B685B6840
:10AE80003B617B689B69FB60FB6823F4E043FB60EC
:10AE9000FB6823F44073FB603B681B681B02FA6885
:10AEA0001343FB607B6923F020037B613B689B6855
:10AEB0001B017A6913437B617B681E4A93420DD163
:10AEC0007B6923F080037B613B68DB681B017A6947
:10AED00013437B617B6923F040037B617B68154AE8
:10AEE000934213D13B6923F480633B613B6923F4B4
:10AEF00000633B613B685B699B003A6913433B61BC
:10AF00003B689B699B003A6913433B617B683A69E4
:10AF10005A607B68FA689A613B685A687B689A63F2
:10AF20007B687A691A6200BF1C37BD465DF8047BF6
:10AF3000704700BF0000014080B487B000AF786068
:10AF400039607B681B6A7B617B681B6A23F48072B3
:10AF50007B681A627B685B683B617B68DB69FB60CE
:10AF6000FB6823F07003FB60FB6823F00303FB60C6
:10AF70003B681B68FA681343FB607B6923F400732A
:10AF80007B613B689B681B027A6913437B617B682A
:10AF90001D4A93420DD17B6923F400637B613B68BA
:10AFA000DB681B027A6913437B617B6923F480634E
:10AFB0007B617B68144A934213D13B6923F480532D
:10AFC0003B613B6923F400533B613B685B691B01B8
:10AFD0003A6913433B613B689B691B013A69134320
:10AFE0003B617B683A695A607B68FA68DA613B6862
:10AFF0005A687B68DA637B687A691A6200BF1C371B
:10B00000BD465DF8047B70470000014080B487B006
:10B0100000AF786039607B681B6A3B617B681B6AA4
:10B0200023F480527B681A627B685B687B617B6873
:10B03000DB69FB60FB6823F4E043FB60FB6823F4FF
:10B040004073FB603B681B681B02FA681343FB609C
:10B050003B6923F400533B613B689B681B033A69DF
:10B0600013433B617B68104A934209D17B6923F407
:10B0700080437B613B685B699B017A6913437B6119
:10B080007B687A695A607B68FA68DA613B685A685B
:10B090007B681A647B683A691A6200BF1C37BD4638
:10B0A0005DF8047B704700BF0000014080B487B0AA
:10B0B00000AFF860B9607A60FB681B6A7B61FB686F
:10B0C0001B6A23F00102FB681A62FB689B693B6103
:10B0D0003B6923F0F0033B617B681B013A69134332
:10B0E0003B617B6923F00A037B617A69BB68134388
:10B0F0007B61FB683A699A61FB687A691A6200BFF2
:10B100001C37BD465DF8047B704780B487B000AF44
:10B11000F860B9607A60FB681B6A7B61FB681B6A38
:10B1200023F01002FB681A62FB689B693B613B6974
:10B1300023F470433B617B681B033A6913433B6113
:10B140007B6923F0A0037B61BB681B017A69134311
:10B150007B61FB683A699A61FB687A691A6200BF91
:10B160001C37BD465DF8047B704780B485B000AFE6
:10B17000786039607B689B68FB60FB6823F0700334
:10B18000FB603A68FB68134343F00703FB607B688E
:10B19000FA689A6000BF1437BD465DF8047B7047BB
:10B1A00080B487B000AFF860B9607A603B60FB683C
:10B1B0009B687B617B6923F47F437B613B681A0258
:10B1C0007B681A43BB6813437A6913437B61FB684E
:10B1D0007A699A6000BF1C37BD465DF8047B7047F2
:10B1E00080B487B000AFF860B9607A60BB6803F0E4
:10B1F0001F03012202FA03F37B61FB681A6A7B6971
:10B20000DB431A40FB681A62FB681A6ABB6803F0EA
:10B210001F03796801FA03F31A43FB681A6200BF3F
:10B220001C37BD465DF8047B7047000080B485B0D4
:10B2300000AF786039607B6893F83C30012B01D116
:10B24000022350E07B68012283F83C207B680222C5
:10B2500083F83D207B681B685B68FB607B681B682C
:10B260009B68BB60FB6823F07003FB603B681B6856
:10B27000FA681343FB607B681B68FA685A607B6856
:10B280001B681C4A934218D07B681B68B3F1804F3F
:10B2900013D07B681B68184A93420ED07B681B68EA
:10B2A000164A934209D07B681B68154A934204D022
:10B2B0007B681B68134A93420CD1BB6823F0800360
:10B2C000BB603B685B68BA681343BB607B681B6804
:10B2D000BA689A607B68012283F83D207B6800226F
:10B2E00083F83C20002318461437BD465DF8047BE4
:10B2F000704700BF0000014000040040000800400B
:10B30000000C00400040014080B582B000AF786082
:10B310007B68002B01D1012342E07B6893F8413028
:10B32000DBB2002B06D17B68002283F840207868CE
:10B33000FBF7DAFC7B68242283F841207B681B68DA
:10B34000DA687B681B6822F40052DA60786801F0E2
:10B350006DF87B681B681A697B681B6822F4904251
:10B360001A617B681B685A697B681B6822F02A0295
:10B370005A617B681B68DA687B681B6842F400527C
:10B38000DA607B6800225A647B68202283F84120BF
:10B390007B68202283F842207B6800225A630023C6
:10B3A00018460837BD4680BD80B582B000AF7860D2
:10B3B0007B68002B01D1012324E07B68242283F8E1
:10B3C00041207B681B68DA687B681B6822F40052A6
:10B3D000DA607868FBF7EEFD7B6800225A647B68D0
:10B3E000002283F841207B68002283F842207B689A
:10B3F00000221A637B6800225A637B68002283F86C
:10B400004020002318460837BD4680BD80B58AB06D
:10B4100002AFF860B9603B601346FB8000237B619C
:10B42000FB6893F84130DBB2202B75D1BB68002B51
:10B4300002D0FB88002B01D101236EE0FB680022C3
:10B440005A64FB68212283F84120FBF775FE78617E
:10B45000FB68FA889A84FB68FA88DA84FB689B6840
:10B46000B3F5805F08D1FB681B69002B04D1002372
:10B47000FB61BB68BB6103E0BB68FB610023BB6190
:10B480002EE03B6800937B6900228021F86800F081
:10B490000BFD0346002B05D0FB68202283F84120DA
:10B4A00003233AE0FB69002B0BD1BB691B881A46CA
:10B4B000FB681B68C2F308025A60BB690233BB61B8
:10B4C00007E0FB691A78FB681B685A60FB69013367
:10B4D000FB61FB68DB8C9BB2013B9AB2FB68DA84B0
:10B4E000FB68DB8C9BB2002BCBD13B6800937B6964
:10B4F00000224021F86800F0D7FC0346002B05D05D
:10B50000FB68202283F84120032306E0FB68202209
:10B5100083F84120002300E0022318462037BD466F
:10B5200080BD80B584B000AFF860B9601346FB8081
:10B53000FB6893F84230DBB2202B12D1BB68002BA2
:10B5400002D0FB88002B01D101230BE0FB68002215
:10B550001A63FB881A46B968F86800F0FFFC0346D6
:10B5600000E0022318461037BD4680BD80B590B07C
:10B5700000AF78600023FB637B681B685B6903F0A6
:10B580008003802B0CBF01230023DBB2FB637B68AD
:10B5900093F84130DBB2212B28D1FB6B002B25D057
:10B5A0007B681B6814337B627B6A53E8003F3B6215
:10B5B0003B6A23F08003BB637B681B681433BA6B60
:10B5C0003A63FB62F96A3A6B41E80023BB62BB6AEB
:10B5D000002BE5D17B689B6B002B04D07B689B6BB9
:10B5E0001846FCF781F8786800F05EFD7B681B6800
:10B5F0005B6903F04003402B0CBF01230023DBB247
:10B60000FB637B6893F84230DBB2222B28D1FB6BC3
:10B61000002B25D07B681B6814333B613B6953E8E2
:10B62000003FFB60FB6823F040037B637B681B6883
:10B6300014337A6BFA61BB61B969FA6941E8002396
:10B640007B617B69002BE5D17B68DB6B002B04D031
:10B650007B68DB6B1846FCF747F8786800F04CFD18
:10B66000002318464037BD4680BD80B58CB000AF82
:10B67000F860B9601346FB80FB6893F84230DBB298
:10B68000202B46D1BB68002B02D0FB88002B01D1B8
:10B6900001233FE0FB6801221A63FB6800225A6322
:10B6A000FB881A46B968F86800F058FC034687F82A
:10B6B0002F30FB681B6B012B25D100233B61FB68FE
:10B6C0001B681B683B61FB681B685B683B613B69EF
:10B6D000FB681B680C33BB61BB6953E8003F7B61AF
:10B6E0007B6943F01003BB62FB681B680C33BA6ACA
:10B6F0007A623B62396A7A6A41E80023FB61FB693E
:10B70000002BE5D102E0012387F82F3097F82F3086
:10B7100000E0022318463037BD4680BD80B5BAB080
:10B7200000AF78607B681B681B68C7F8E4307B68F3
:10B730001B68DB68C7F8E0307B681B685B69C7F88B
:10B74000DC300023C7F8D8300023C7F8D430D7F84E
:10B75000E43003F00F03C7F8D830D7F8D830002B07
:10B760000FD1D7F8E43003F02003002B09D0D7F82D
:10B77000E03003F02003002B03D0786800F098FD40
:10B7800073E2D7F8D830002B00F0DE80D7F8DC3039
:10B7900003F00103002B06D1D7F8E03003F49073D7
:10B7A000002B00F0D180D7F8E43003F00103002B28
:10B7B0000BD0D7F8E03003F48073002B05D07B6802
:10B7C0005B6C43F001027B685A64D7F8E43003F005
:10B7D0000403002B0BD0D7F8DC3003F00103002B5F
:10B7E00005D07B685B6C43F002027B685A64D7F833
:10B7F000E43003F00203002B0BD0D7F8DC3003F069
:10B800000103002B05D07B685B6C43F004027B686E
:10B810005A64D7F8E43003F00803002B11D0D7F8AE
:10B82000E03003F02003002B05D1D7F8DC3003F023
:10B830000103002B05D07B685B6C43F008027B683A
:10B840005A647B685B6C002B00F00A82D7F8E43006
:10B8500003F02003002B08D0D7F8E03003F02003DA
:10B86000002B02D0786800F023FD7B681B685B69C1
:10B8700003F04003402B0CBF01230023DBB2C7F8C9
:10B88000D4307B685B6C03F00803002B03D1D7F83E
:10B89000D430002B4FD0786800F02EFC7B681B68FA
:10B8A0005B6903F04003402B41D17B681B68143374
:10B8B000C7F89C30D7F89C3053E8003FC7F8983061
:10B8C000D7F8983023F04003C7F8D0307B681B6866
:10B8D0001433D7F8D020C7F8A820C7F8A430D7F879
:10B8E000A410D7F8A82041E80023C7F8A030D7F863
:10B8F000A030002BD9D17B68DB6B002B13D07B6889
:10B90000DB6B8A4A1A657B68DB6B1846FBF75CFFCA
:10B910000346002B16D07B68DB6B1B6D7A68D26BFD
:10B92000104698470EE07868F7F73DFF0AE0786820
:10B93000F7F739FF06E07868F7F735FF7B680022F4
:10B940005A648DE100BF8BE17B681B6B012B40F0DB
:10B950006781D7F8E43003F01003002B00F060811A
:10B96000D7F8E03003F01003002B00F059810023DA
:10B97000BB607B681B681B68BB607B681B685B687F
:10B98000BB60BB687B681B685B6903F04003402BAE
:10B9900040F0CE807B68DB6B1B685B68A7F8BE302D
:10B9A000B7F8BE30002B00F0A9807B689B8DB7F8FC
:10B9B000BE209A4280F0A2807B68B7F8BE20DA856C
:10B9C0007B68DB6BDB69B3F5807F00F088807B6888
:10B9D0001B680C33C7F88830D7F8883053E8003F2D
:10B9E000C7F88430D7F8843023F48073C7F8B830B0
:10B9F0007B681B680C33D7F8B820C7F89420C7F8C9
:10BA00009030D7F89010D7F8942041E80023C7F879
:10BA10008C30D7F88C30002BD9D17B681B6814335D
:10BA20007B677B6F53E8003F3B673B6F23F001036D
:10BA3000C7F8B4307B681B681433D7F8B420C7F854
:10BA40008020FB67F96FD7F8802041E80023BB67AF
:10BA5000BB6F002BE1D17B681B6814333B663B6EE8
:10BA600053E8003FFB65FB6D23F04003C7F8B0309F
:10BA70007B681B681433D7F8B020FA66BB66B96ED2
:10BA8000FA6E41E800237B667B6E002BE3D17B6876
:10BA9000202283F842207B6800221A637B681B689F
:10BAA0000C33FB64FB6C53E8003FBB64BB6C23F0BE
:10BAB0001003C7F8AC307B681B680C33D7F8AC2098
:10BAC000BA657B65796DBA6D41E800233B653B6DD6
:10BAD000002BE3D17B68DB6B1846FBF705FE7B6828
:10BAE00002225A637B689A8D7B68DB8D9BB2D31AE6
:10BAF0009BB219467868F7F747FEB3E07B689B8DE9
:10BB0000B7F8BE209A4240F0AD807B68DB6BDB6902
:10BB1000B3F5807F40F0A6807B6802225A637B6881
:10BB20009B8D19467868F7F72FFE9BE0BFC1000890
:10BB30007B689A8D7B68DB8D9BB2D31AA7F8CE30D9
:10BB40007B68DB8D9BB2002B00F08E80B7F8CE3087
:10BB5000002B00F089807B681B680C33BB63BB6BD8
:10BB600053E8003F7B637B6B23F49073C7F8C830C6
:10BB70007B681B680C33D7F8C8207A643B64396C47
:10BB80007A6C41E80023FB63FB6B002BE3D17B68FD
:10BB90001B6814337B627B6A53E8003F3B623B6A5D
:10BBA00023F00103C7F8C4307B681B681433D7F84F
:10BBB000C4203A63FB62F96A3A6B41E80023BB6236
:10BBC000BB6A002BE3D17B68202283F842207B688C
:10BBD00000221A637B681B680C333B613B6953E8A6
:10BBE000003FFB60FB6823F01003C7F8C0307B68A0
:10BBF0001B680C33D7F8C020FA61BB61B969FA69D8
:10BC000041E800237B617B69002BE3D17B68022242
:10BC10005A63B7F8CE3019467868F7F7B5FD23E0D8
:10BC2000D7F8E43003F08003002B09D0D7F8E030D8
:10BC300003F08003002B03D0786800F0D1FA14E001
:10BC4000D7F8E43003F04003002B0ED0D7F8E030F3
:10BC500003F04003002B08D0786800F011FB04E0EB
:10BC600000BF02E000BF00E000BFE837BD4680BD76
:10BC700080B483B000AF786000BF0C37BD465DF87C
:10BC8000047B704780B483B000AF786000BF0C378E
:10BC9000BD465DF8047B704780B483B000AF786028
:10BCA00000BF0C37BD465DF8047B704780B59CB083
:10BCB00000AF78607B689B6BFB667B681B681B68CA
:10BCC00003F48073002B72D1FB6E0022DA85FB6EC9
:10BCD0001B680C33FB64FB6C53E8003FBB64BB6C1C
:10BCE00023F48073BB66FB6E1B680C33BA6EBA65B7
:10BCF0007B65796DBA6D41E800233B653B6D002B98
:10BD0000E5D1FB6E1B681433BB63BB6B53E8003F8C
:10BD10007B637B6B23F001037B66FB6E1B68143334
:10BD20007A6E7A643B64396C7A6C41E80023FB6379
:10BD3000FB6B002BE5D1FB6E1B6814337B627B6AC7
:10BD400053E8003F3B623B6A23F040033B66FB6ED7
:10BD50001B6814333A6E3A63FB62F96A3A6B41E846
:10BD60000023BB62BB6A002BE5D1FB6E202283F867
:10BD70004220FB6E1B6B012B19D1FB6E1B680C3331
:10BD80003B613B6953E8003FFB60FB6823F0100315
:10BD9000FB65FB6E1B680C33FA6DFA61BB61B96918
:10BDA000FA6941E800237B617B69002BE5D1FB6EDA
:10BDB00000225A63FB6E1B6B012B06D1FB6E9B8D21
:10BDC0001946F86EF7F7E0FC02E0F86EFFF75AFF4D
:10BDD00000BF7037BD4680BD80B584B000AF7860CD
:10BDE0007B689B6BFB60FB6801225A63FB681B6BE3
:10BDF000012B08D1FB689B8D5B089BB21946F86844
:10BE0000F7F7C2FC02E0F868FFF746FF00BF103703
:10BE1000BD4680BD80B584B000AF78600023FB6074
:10BE20007B689B6BBB60BB681B685B6903F080032E
:10BE3000802B0CBF01230023DBB2FB60BB6893F8AF
:10BE40004130DBB2212B08D1FB68002B05D0BB6849
:10BE50000022DA84B86800F027F9BB681B685B69C8
:10BE600003F04003402B0CBF01230023DBB2FB6037
:10BE7000BB6893F84230DBB2222B08D1FB68002B61
:10BE800005D0BB680022DA85B86800F035F9BB68D8
:10BE90005B6C43F01002BB685A64B868F7F783FC28
:10BEA00000BF1037BD4680BD80B586B000AFF860DA
:10BEB000B9603B601346FB713BE03B6AB3F1FF3F67
:10BEC00037D0FBF739F902463B68D31A3A6A9A42EF
:10BED00002D33B6A002B01D103233AE0FB681B68C5
:10BEE000DB6803F00403002B23D0BB68802B20D039
:10BEF000BB68402B1DD0FB681B681B6803F0080360
:10BF0000082B16D100237B61FB681B681B687B61D3
:10BF1000FB681B685B687B617B69F86800F0ECF884
:10BF2000FB6808225A64FB68002283F84020012342
:10BF30000FE0FB681B681A68BB681340BA689A4236
:10BF40000CBF01230023DBB21A46FB799A42B4D01E
:10BF5000002318461837BD4680BD000080B598B054
:10BF600000AFF860B9601346FB80BA68FB689A625C
:10BF7000FB68FA889A85FB6800225A64FB682222D3
:10BF800083F84220FB68DB6B444ADA63FB68DB6BB7
:10BF9000434A1A64FB68DB6B424ADA64FB68DB6B7A
:10BFA00000221A6507F10803FB65FB68D86BFB6884
:10BFB0001B6804331946FB6D1A68FB88FBF73CFBD2
:10BFC0000346002B08D0FB6810225A64FB6820222D
:10BFD00083F8422001235DE000233B61FB681B687E
:10BFE0001B683B61FB681B685B683B613B69FB68E6
:10BFF0001B69002B19D0FB681B680C333B643B6C3E
:10C0000053E8003FFB63FB6B43F48073BB65FB6845
:10C010001B680C33BA6DFA64BB64B96CFA6C41E806
:10C0200000237B647B6C002BE5D1FB681B68143319
:10C03000FB62FB6A53E8003FBB62BB6A43F001034B
:10C040007B65FB681B6814337A6DBA637B63796B1D
:10C05000BA6B41E800233B633B6B002BE5D1FB68E7
:10C060001B681433BB61BB6953E8003F7B617B698C
:10C0700043F040033B65FB681B6814333A6D7A62FA
:10C080003B62396A7A6A41E80023FB61FB69002B55
:10C09000E5D1002318466037BD4680BDADBC000821
:10C0A000D9BD000815BE000880B489B000AF786023
:10C0B0007B681B680C33FB60FB6853E8003FBB6088
:10C0C000BB6823F0C003FB617B681B680C33FA6913
:10C0D000BA617B617969BA6941E800233B613B69D8
:10C0E000002BE5D17B68202283F8412000BF243754
:10C0F000BD465DF8047B704780B495B000AF7860B2
:10C100007B681B680C337B637B6B53E8003F3B63AE
:10C110003B6B23F49073FB647B681B680C33FA6CF5
:10C120003A64FB63F96B3A6C41E80023BB63BB6B79
:10C13000002BE5D17B681B6814333B623B6A53E8F4
:10C14000003FFB61FB6923F00103BB647B681B6854
:10C150001433BA6CFA62BB62B96AFA6A41E8002326
:10C160007B627B6A002BE5D17B681B6B012B19D1AD
:10C170007B681B680C33FB60FB6853E8003FBB60C7
:10C18000BB6823F010037B647B681B680C337A6CFC
:10C19000BA617B617969BA6941E800233B613B6917
:10C1A000002BE5D17B68202283F842207B680022A7
:10C1B0001A6300BF5437BD465DF8047B704780B5F5
:10C1C00084B000AF78607B689B6BFB60FB680022EB
:10C1D000DA85F868F7F7E7FA00BF1037BD4680BD8B
:10C1E00080B485B000AF78607B6893F84130DBB2F3
:10C1F000212B3ED17B689B68B3F5805F14D17B68AF
:10C200001B69002B10D17B681B6AFB60FB681B88D5
:10C210001A467B681B68C2F308025A607B681B6A77
:10C220009A1C7B681A6208E07B681B6A591C7A6852
:10C2300011621A787B681B685A607B68DB8C9BB242
:10C24000013B9BB27A681946D184002B0FD17B68E1
:10C250001B68DA687B681B6822F08002DA607B6802
:10C260001B68DA687B681B6842F04002DA600023D2
:10C2700000E0022318461437BD465DF8047B704782
:10C2800080B582B000AF78607B681B68DA687B6835
:10C290001B6822F04002DA607B68202283F841208C
:10C2A0007868FFF7E5FC002318460837BD4680BDD7
:10C2B00080B58CB000AF78600023FB620023BB62C6
:10C2C0007B6893F84230DBB2222B40F0AA807B6877
:10C2D0009B68B3F5805F15D17B681B69002B11D17A
:10C2E0007B689B6ABB627B681B685B689BB2C3F31D
:10C2F00008039AB2BB6A1A807B689B6A9A1C7B68A7
:10C300009A6224E07B689B6AFB627B689B68B3F55A
:10C31000805F07D07B689B68002B0AD17B681B6914
:10C32000002B06D17B681B685B68DAB2FB6A1A7067
:10C3300008E07B681B685B68DBB203F07F03DAB25E
:10C34000FB6A1A707B689B6A5A1C7B689A627B68DE
:10C35000DB8D9BB2013B9BB27A681946D185002BDD
:10C360005DD17B681B68DA687B681B6822F020025D
:10C37000DA607B681B68DA687B681B6822F480726D
:10C38000DA607B681B685A697B681B6822F00102CF
:10C390005A617B68202283F842207B6800225A631E
:10C3A0007B681B6B012B35D17B6800221A637B688D
:10C3B0001B680C337B617B6953E8003F3B613B6941
:10C3C00023F010037B627B681B680C337A6A3A6245
:10C3D000FB61F9693A6A41E80023BB61BB69002B44
:10C3E000E5D17B681B681B6803F01003102B0AD192
:10C3F0000023FB607B681B681B68FB607B681B6815
:10C400005B68FB60FB687B689B8D19467868F7F773
:10C41000BBF902E07868FFF735FC002302E0002357
:10C4200000E0022318463037BD4680BD2DE9B04FED
:10C43000C0B000AFC7F8F400D7F8F4301B681B6930
:10C4400023F44050D7F8F430D968D7F8F4301A689C
:10C4500040EA01031361D7F8F4309A68D7F8F43052
:10C460001B691A43D7F8F4305B691A43D7F8F430E4
:10C47000DB691343C7F8F830D7F8F4301B68DB6882
:10C4800023F4164121F00C01D7F8F4301A68D7F8DC
:10C49000F8300B43D360D7F8F4301B685B6923F4A2
:10C4A0004070D7F8F4309969D7F8F4301A6840EA48
:10C4B00001035361D7F8F4301A688F4B9A4205D0C4
:10C4C000D7F8F4301A688D4B9A4204D1FDF738FC46
:10C4D000C7F8FC0003E0FDF71FFCC7F8FC00D7F825
:10C4E000F430DB69B3F5004F40F00C81D7F8FC3035
:10C4F0000022C7F8E830C7F8EC20D7E93A452246D1
:10C500002B469118B9655B41FB65D7E91623214697
:10C5100012EB0108294643EB01094FF000024FF0EE
:10C5200000034FEAC90343EA58734FEAC802904632
:10C530009946234618EB0303C7F8E0302B4649EB36
:10C540000303C7F8E430D7F8F4305B680022C7F87B
:10C55000D830C7F8DC20D7E936120B46DB183B652C
:10C56000134642EB03037B65D7E91423D7E938016F
:10C57000F4F77AFB02460B46614BA3FB02235B09EF
:10C580001C01D7F8FC300022C7F8D030C7F8D420FF
:10C59000D7E9348942464B469118B9645B41FB6444
:10C5A000D7E91223414612EB010A494643EB010B3E
:10C5B0004FF000024FF000034FEACB0343EA5A73F7
:10C5C0004FEACA0292469B4643461AEB0303C7F85A
:10C5D000C8304B464BEB0303C7F8CC30D7F8F430E8
:10C5E0005B680022C7F8C030C7F8C420D7E9301212
:10C5F0000B46DB183B64134642EB03037B64D7E92D
:10C600001023D7E93201F4F72FFB02460B461146FF
:10C610003B4BA3FB01235B09642202FB03F3CB1A10
:10C62000DB0003F13202364BA3FB02235B095B0004
:10C6300003F4F8731C44D7F8FC300022C7F8B83074
:10C64000C7F8BC20D7E92E8942464B469118B963FA
:10C650005B41FB63D7E90E234146511839634946D4
:10C660004B417B634FF000024FF00003D7E90CAB66
:10C670005946CB00514643EA51735146CA00104611
:10C680001946034642469B18C7F8B0304B460A4647
:10C6900042EB0303C7F8B430D7F8F4305B680022EC
:10C6A000C7F8A830C7F8AC20D7E92A120B46DB1828
:10C6B000BB62134642EB0303FB62D7E90A23D7E9C7
:10C6C0002C01F4F7D1FA02460B460D4BA3FB0213E3
:10C6D0005B09642101FB03F3D31ADB003233084A00
:10C6E000A2FB03235B0903F00702D7F8F4301B68B1
:10C6F00022449A6006E100BF00100140001401408E
:10C700001F85EB51D7F8FC300022C7F8A030C7F8DE
:10C71000A420D7E9288942464B46911839625B41EB
:10C720007B62D7E9082341465418494643EB01058B
:10C730004FF000024FF00003EB0043EA5473E200B5
:10C7400014461D464346E318C7F898304B4645EB60
:10C750000303C7F89C30D7F8F4305B680022C7F8B1
:10C760009030C7F894204FF000024FF00003D7E953
:10C77000244529468B00214643EA917321468A00CD
:10C78000D7E92601F4F770FA02460B46604BA3FB8B
:10C7900002235B091C01D7F8FC300022C7F888305F
:10C7A000C7F88C20D7E9228942464B469118B961D7
:10C7B0005B41FB61D7E9062341465118396149467F
:10C7C0004B417B614FF000024FF00003D7E904AB0F
:10C7D0005946CB00514643EA51735146CA001046B0
:10C7E0001946034642469B18C7F880304B460A4616
:10C7F00042EB0303C7F88430D7F8F4305B680022BB
:10C80000BB67FA674FF000024FF00003D7E91E89BB
:10C8100049468B00414643EA917341468A00D7E975
:10C820002001F4F721FA02460B461146384BA3FBD0
:10C8300001235B09642202FB03F3CB1A1B01323391
:10C84000334AA2FB03235B0903F0F0031C44D7F82F
:10C85000FC3000223B677A67D7E91C8942464B4689
:10C860009118B9605B41FB60D7E90223414651183A
:10C87000396049464B417B604FF000024FF00003A6
:10C88000D7E900AB5946CB00514643EA51735146B4
:10C89000CA0010461946034642469B18BB664B46E3
:10C8A0000A4642EB0303FB66D7F8F4305B680022CC
:10C8B0003B667A664FF000024FF00003D7E9188913
:10C8C00049468B00414643EA917341468A00D7E9C5
:10C8D0001A01F4F7C9F902460B460D4BA3FB0213EC
:10C8E0005B09642101FB03F3D31A1B013233084AAD
:10C8F000A2FB03235B0903F00F02D7F8F4301B6897
:10C9000022449A6000BF07F58077BD46BDE8B08F2E
:10C910001F85EB51DFF834D0F9F75AFF0C480D4969
:10C920000D4A002302E0D458C4500433C4188C428A
:10C93000F9D30A4A0A4C002301E013600432A242F0
:10C94000FBD301F08FF8F6F7D5FC7047000002200A
:10C9500000000020E00400203C160108E004002054
:10C960006C0F0020FEE770B504460D4645EC104BF9
:10C97000164602F0A1F851EC100B7EB1C5F30A5334
:10C98000C3F16B03002B09DD1B0503F17F55002468
:10C9900005F5401522462B46F3F746FE41EC100BF9
:10C9A00070BD0000000000002DE9F04F9DB00E4664
:10C9B00015920022049018924FF000084FF00009E1
:10C9C00017910A782B2A0D4601F101011DD00BD8D1
:10C9D0000D2A06D8082AF3D87AB100230B939A4679
:10C9E00083E0202AECD0F8E72D2A10D10122691C1F
:10C9F00017910B926A78002A37D1159B1796002B56
:10CA000040F0958542464B462AE00022EFE70021A0
:10CA10000B91302A40F09B806A7802F0DF02582A9E
:10CA20005AD102930B9B019318AB0093814A04984F
:10CA300019AB17A901F02AF910F00F06044605D02A
:10CA4000062E14D10135002317950B93159B002B4F
:10CA500040F06F850B9B002BD4D0424609F1004378
:10CA600043EC102B1DB0BDE8F08F0D46D1E7189AAE
:10CA70003AB135211AA802F019F91899049801F071
:10CA8000DFFC013E042E06D8DFE806F014031E2169
:10CA90001400DDE91A89E00548BF49F0004929F092
:10CAA00000431B0D1B05002BD0D100F0D5FF222326
:10CAB0000360CBE7DDE91A83199A23F4801302F2AD
:10CAC000334243EA0259E6E7DFF87091E3E76FF09B
:10CAD00000494FF0FF38DEE7013517952B78302BF2
:10CAE000FAD0002BB2D04FF0010A00272B460E9748
:10CAF000BB460A21184613F8014BA4F13002092A5B
:10CB000028D94D49012200F0D5FE002834D000205C
:10CB1000CDE9060022465C46652A01D0452A14D19B
:10CB200024B95AEA00033FF468AF0024179E731C2F
:10CB3000179372782B2A73D02D2A77D04FF0000CE0
:10CB4000A2F13003092B7FD9179600239EE04FF006
:10CB5000000ACAE7BBF1080FD8BF0E9A1793DBBFD4
:10CB600001FB0242303A01FB07420E92C8BFA2F11C
:10CB700030070BF1010BBDE7179B5A1C17925A782F
:10CB8000BBF1000F33D006905C46A2F13003092BB5
:10CB900012D901230793BFE7179B5A1C17925A78A3
:10CBA0000130302AF8D0A2F13103082B00F2C684FC
:10CBB0000690179D00200446303A00F1010310D082
:10CBC00006991944069120440A23A04211D108284D
:10CBD00000F1010419DC0E990A2303FB01230E93D3
:10CBE0000023179A511C179152781846CDE75846E2
:10CBF000D7E7082C04F1010403DC0E9959430E9188
:10CC0000E3E7102CD8BF5F43DFE70F28DCBF0A2320
:10CC100003FB0727E4E700210123CDE9061380E7A2
:10CC20004FF0000CB31C1793B27889E74FF0010C5A
:10CC3000F8E700BFE00F01080C0E01080000F07FCC
:10CC4000179B5A1C17925A78302AF9D0A2F1310357
:10CC5000082B3FF67AAF179B0593A2F1300E0133F4
:10CC600017931A78A2F1300109293CD905995B1A6A
:10CC7000082B44F61F633CDC9E457146A8BF19464D
:10CC80000591BCF1000F02D0059B5B420593002C7F
:10CC900050D15AEA00007FF4D9AE079B002B7FF4F5
:10CCA000ACAE692A29D026DC492A26D04E2A7FF448
:10CCB000A4AEA14917A801F00BFA00283FF49DAEDD
:10CCC000179B1B78282B2FD19C491AAA17A801F073
:10CCD00013FA052828D11B9BDDF8688043F0FF4933
:10CCE00049F4E009B2E60A2101FB0E22A2F1300E5E
:10CCF000B5E70593C5E76E2AD9E7914917A801F072
:10CD0000E7F900283FF479AE179B8E49013B17A83D
:10CD1000179301F0DDF910B9179B01331793DFF872
:10CD200034924FF0000891E6874800F0D1FE59ECAC
:10CD3000108B8BE6DDE905320E989B1ABBF1000FD4
:10CD400008BFA346102C0A93A246A8BF4FF0100AB2
:10CD5000F3F7F0FB092C8046894613DC0A9B002B75
:10CD60003FF474AE0A9B73DD162B5ADC774901EB56
:10CD7000C301D1E9000142464B46F3F755FC80461A
:10CD8000894663E6714B03EBCA0353E91223F3F7B9
:10CD90004BFC804638468946F3F7CCFB02460B46EF
:10CDA00040464946F3F78AFA0F2C80468946D5DD7E
:10CDB0000A9BA4EB0A0A9A44BAF1000F40F3978049
:10CDC0002AF00F061AF00F0A51D1B6F59A7F5EDCF1
:10CDD0000023DFF87CA13611404649461F46012E4C
:10CDE00079D10BB1804689465949A9F1547901EBB3
:10CDF000C70142464B46D1E90001F3F715FC554BFC
:10CE00000A460B4054498B42804640D8A1F5801118
:10CE10008B4286BFDFF844914FF0FF3802F154791E
:10CE200032E00A9AC4F125039342C1DB474DC4F1B5
:10CE30000F0405EBC40142464B46D1E90001F3F76C
:10CE4000F3FB0A9B1C1B05EBC405D5E9002394E703
:10CE50001633ADDBDDE905239A1A3C4B03EBC20325
:10CE6000D3E9002340464946F3F708FD87E73749F1
:10CE700001EBCA0142464B46D1E90001F3F7D4FB6E
:10CE800080468946002EA0D100230793A0E000240D
:10CE900005940E940694049ADFF8B8902223136048
:10CEA0004FF000080E9B002B3FF4D0AD189904986A
:10CEB00001F0C6FA0699049801F0C2FADDE904010E
:10CEC00001F0BEFA0E99049801F0BAFA04982146CE
:10CED00001F0B6FABAE5F20704D5DAE90023F3F770
:10CEE000A3FB0123013776100AF1080A77E7CBD0BC
:10CEF000CAF1000A4FEA2A161AF00F0A0DD11F2EA6
:10CF00002EDD002405940E940694049A22234FF0FB
:10CF100000084FF000091360C4E70C4B03EBCA0391
:10CF200040464946D3E90023F3F7A8FC80468946EA
:10CF3000002EA9D0E3E700BF170E0108CC0F0108AF
:10CF40000E0E0108110E0108CE0E0108581101083D
:10CF5000301101080000F07F0000A07CFFFFEF7F90
:10CF600016F0100318BF6A23764F079340464946D0
:10CF70000023F20704D5D7E90023F3F755FB01237B
:10CF8000761007F10807F4D10BB180468946079B5C
:10CF9000B3B1C9F30A52C2F16B03002B49460FDD4E
:10CFA0001F2B57DD342BDEBF4FF0FF33C2F14B0296
:10CFB00093404FF00008CCBF4FF05C7903EA0109C1
:10CFC0000022002340464946F3F796FD002898D1F9
:10CFD0000E9B0093049823465A46294601F098FA7E
:10CFE0000E9000283FF453AFDDE905239B1A0A9AFF
:10CFF000002AA8BF00231293002422EAE2731493AC
:10D0000005940E9B0498596801F0DCF906900028FD
:10D010003FF441AF0E9B1A69023203F10C019200FA
:10D020000C3000F046FD49EC108B04981AAA19A99F
:10D03000CDE90C8901F0B0FD189000283FF42BAF2A
:10D040000498012101F0FAFA0590034648B900233B
:10D05000059320E74FF0FF3202FA03F303EA0808D2
:10D06000AEE7199D1A9A002DABBF129B149B149E1C
:10D07000129FACBFEF185E1B079BED1A1544324B95
:10D08000013D9D42C2F136024FDA5B1B1F2BA2EB22
:10D0900003024FF001013CDC01FA03FA4FF0000BF0
:10D0A000BD18079BAF4216441E443B46A8BF2B4603
:10D0B000B342A8BF3346002BC2BFED1AF61AFF1ABF
:10D0C000129B002B16DDDDE904011A4601F076FB08
:10D0D00005900028BBD00146189A049801F0C4FAC4
:10D0E0000F9000283FF4D7AE1899049801F0A8F9E2
:10D0F0000F9B1893002D1BDC0A9B002B26DD149A36
:10D100000699049801F05AFB0690F8B9002306939B
:10D11000C1E6C5F17F4505F57F0505F57B45E2359F
:10D1200001FA05FB4FF0010ABAE74FF0000BF9E7EF
:10D13000189904982A4601F09DFB18900028DBD12D
:10D14000A9E600BFF80F010802FCFFFF002E07DD73
:10D1500006990498324601F08DFB06900028D5D040
:10D16000002F08DDDDE904013A4601F083FB05905C
:10D1700000283FF490AE069A1899049801F004FC38
:10D18000044600283FF487AEC3680F930023059937
:10D19000C36001F0DDFB00283CDA0F9B53EA080373
:10D1A0005ED1C9F313034D46002B59D129F000433A
:10D1B0001B0D1B05B3F1D66F52D9636913B92369EF
:10D1C000012B4DDD21460122049801F053FB059906
:10D1D000044601F0BDFB002842DDAD4B079A2B4011
:10D1E000002A5FD0B3F1D66F5CD8B3F15C7F7FF6D5
:10D1F0008CAEA84B404649460022F3F715FAA44BE3
:10D200000B4080468946002B7FF450AE049A2223BF
:10D2100013604BE64D4662D10F9AC9F3130342B334
:10D220009D4A934228D1079B4146EBB1984B2B4036
:10D23000B3F1D46F4FF0FF3219D81B0DC3F16B035C
:10D2400002FA03F3994217D1944B9D4202D1013166
:10D250003FF421AE8E4B2B4003F580194FF00008B0
:10D26000079B002BC5D121E64FF0FF33EAE71346B9
:10D27000E8E753EA0803B0D0BBF1000F1BD01BEA6C
:10D28000050FEDD00F9B079A40464946B3B1FFF713
:10D290006AFBDDE90C0153EC102BF3F70FF8804625
:10D2A0008946DDE7A3F580136FEA13596FEA095940
:10D2B0004FF0FF38D4E71AEA080FE2E7FFF753FB15
:10D2C000DDE90C0153EC102BF2F7F6FF00220023EE
:10D2D00080468946F3F710FC0028C1D015E6059971
:10D2E000204601F0B1FC57EC106B00224FF0804358
:10D2F00030463946F3F714FC002870D00F9B002B02
:10D300007BD1B8F1000F56D1C9F31303002B58D1CC
:10D31000634B002230463946F3F7F8FB002859D119
:10D32000604B002230463946F3F77EF982468B4641
:10D330000BF10043CDF820A00993554B544A2B40E4
:10D340001393594B2A409A42DDE9086740F0B080B8
:10D35000A5F1547949EC108B01F0AEFBDDE908230F
:10D3600051EC100BF3F760F942464B46F2F7A6FF7B
:10D37000474D4E4A0D409542804645D90D9A474B40
:10D380009A4203D10C9B01333FF485ADDFF80C9139
:10D390004FF0FF381899049801F052F80699049854
:10D3A00001F04EF8DDE9040101F04AF80498214645
:10D3B00001F046F825E6B8F1010F02D1002D3FF447
:10D3C000A4AD9FED2B7BDFF8D8B08DED087B4FF03F
:10D3D000000AB2E7DFF8CCB04FF0000AA8E7314B03
:10D3E000002230463946F3F71FF90F9B82468B46E1
:10D3F000002B9DD0CDE908AB9FE79FED1F7B8DED06
:10D40000087B5BEC17AB98E701F15479079B002B85
:10D41000C0D129F00043139A1B0D1B059A42B9D1C4
:10D4200050465946F3F738FCF3F7D0F802460B465E
:10D4300050465946F2F740FF0F9AC9F3130343EAE7
:10D440000803134306460F466BD00DA3D3E9002310
:10D45000F3F75CFB00287FF429AD0BA3D3E900238D
:10D4600030463946F3F770FB002893D01EE500BF25
:10D47000000000000000F0BF000000000000F03FCE
:10D480009535A094FFFFDF3F35E5AF350000E03F65
:10D490000000F07F00005039FFFF0F00FFFFEF7F1B
:10D4A0000000F03F0000E03F0000E07FFFFF9F7CB6
:10D4B000079B13B3139BB3F1D46F1ED824A3D3E9F6
:10D4C000002350465946F3F72BFB90B1594650467E
:10D4D000F3F75AFB012838BF0120F3F72BF80F9B15
:10D4E00082468B46D3B901F1004310901193DDE9D8
:10D4F0001067139A07F1D6639F1A9DED0C0B01F08C
:10D50000DBFA304653EC102B3946F3F78DF8DDE9A2
:10D510000C23F2F7D3FE8046894677E7CDE910ABBE
:10D52000E5E70DA3D3E90023F3F7F0FA9CE7002326
:10D530000B93159A179B1360FFF78CBA652A3FF47B
:10D540006AAB452A3FF467AB01230793FFF7A1BB02
:10D550000000C0FFFFFFDF419535A094FFFFCF3FE4
:10D560002DE9F041DFF8BC80294B0A462DED028BF6
:10D570000146D8F80000FFF717FA55EC104B224689
:10D580002B4620462946F3F7E9FA90B1002D2148B1
:10D5900009DA00F0A5FAB1EE408AB0EE480ABDEC17
:10D5A000028BBDE8F081BDEC028BBDE8F04100F0DC
:10D5B00097BA20462946F3F707FB08EE100ADFED7D
:10D5C000167AB0EEC87AB4EE677AF1EE10FA11DD91
:10D5D00025F00047114B4FF0FF3220463946F3F754
:10D5E000BDFA80B90D4B4FF0FF3220463946F3F7B4
:10D5F00097FA40B918EE103A13F0FF4FCDD1084B0F
:10D600002B40002BC9D0D8F8003022221A60C4E782
:10D6100024030020CE0E0108FFFF7F7FFFFFEF7F76
:10D620000000F07F90040020002310B50446C0E9FC
:10D630000033C0E90433836081814366C281836122
:10D64000194608225C3000F02DF90D4B63620D4B3A
:10D65000A3620D4BE3620D4B23630D4B24629C428E
:10D6600006D003F16802944202D0D0339C4205D127
:10D6700004F15800BDE8104000F018BA10BD00BF1A
:10D680001DD800083FD8000877D800089DD80008AA
:10D69000200E0020024A0349034800F06BB800BF87
:10D6A000180300202DF400089404002041680C4B5E
:10D6B000994210B5044601D001F0B8FEA168094BAB
:10D6C000994202D0204601F0B1FEE168064B994232
:10D6D00004D02046BDE8104001F0A8BE10BD00BF38
:10D6E000200E0020880E0020F00E00200C4B0D4A6A
:10D6F0000D4810B504211A600022FFF795FF0A4B70
:10D7000001221C46092103F16800FFF78DFF04F197
:10D71000D0000222BDE810401221FFF785BF00BFF4
:10D72000580F002095D60008200E0020014800F078
:10D73000BEB900BF610F0020014800F0B9B900BFB9
:10D74000610F002010B50446FFF7F0FF236A1BB1FC
:10D75000BDE81040FFF7F0BF044B2362044B1B6889
:10D76000002BF5D1FFF7C2FFF2E700BFADD60008EE
:10D77000580F00202DE9F843074688461446002636
:10D78000D4E90195B9F1010905D52468002CF7D138
:10D790003046BDE8F883AB89012B07D9B5F90E30C7
:10D7A000013303D029463846C04706436835E9E7C8
:10D7B0000CB430B5184B0C1E1D689DB008DA8B23D5
:10D7C0002B604FF0FF301DB0BDE8304002B0704715
:10D7D0004FF40273ADF814304FF000031B9314BFE5
:10D7E00004F1FF332346049307934FF6FF7302902F
:10D7F0000690ADF81630209A21AB02A92846019375
:10D8000001F006FB431CBCBF8B232B60002CDAD03D
:10D81000029B00221A70D6E79004002010B50C4637
:10D82000B1F90E1000F0F4F80028ABBF636DA389C6
:10D830001B1823F48053ACBF6365A38110BD2DE991
:10D84000F0411F468B89DB0505460C46164605D57B
:10D85000B1F90E100223002200F0C8F8A389B4F930
:10D860000E1023F48053A38132463B462846BDE880
:10D87000F04100F0DFB810B50C46B1F90E1000F021
:10D88000B5F8B4F90C30421C0BBF23F4805343F4B9
:10D890008053A381A38118BF606510BDB1F90E103C
:10D8A00000F094B802440346934200D1704703F855
:10D8B000011BF9E710B56AB10139841810F8012B82
:10D8C00011F8013F9A4203D1A04201D0002AF5D1BC
:10D8D000D01A10BD1046FCE710B50139034632B12D
:10D8E00011F8014F03F8014B013A002CF7D11A440B
:10D8F0000021934200D110BD03F8011BF9E700009D
:10D900001B4B2DE9F0411C68656C06460F463DBB7C
:10D91000502000F08FFC0246606420B9154B164879
:10D920005B2100F0E3F88560626CC0E90055C2E954
:10D930000355626CC2E90555626CC2E90A55626C16
:10D94000C2E90C55626CC2E90E55626CC2E9105511
:10D95000626CC2E91255626C15772B46656C6B627E
:10D960002A46394630460123BDE8F04100F006B8AA
:10D97000900400201A0E0108310E0108F0B504468B
:10D9800008B9146844B1204614F8015B0F4617F833
:10D99000016B1EB965B91560002005E0B542F6D1EE
:10D9A000002BF0D114600370F0BD1C460CE01DB9D3
:10D9B000274614F8013B0E4616F8015BAB42F6D140
:10D9C000002BF2D000233B701460EDE738B5064D14
:10D9D0000023044608462B60F5F793FF431C02D151
:10D9E0002B6803B1236038BD5C0F002038B5074DAC
:10D9F00004460846114600222A601A46F5F7A8FF99
:10DA0000431C02D12B6803B1236038BD5C0F00209A
:10DA100038B5074D04460846114600222A601A46CA
:10DA2000F5F736FF431C02D12B6803B1236038BDE4
:10DA30005C0F002038B5074D044608461146002209
:10DA40002A601A46F5F741FF431C02D12B6803B147
:10DA5000236038BD5C0F0020014B1868704700BF81
:10DA60009004002070B50D4B0D4D5B1B9C100026E3
:10DA7000A64209D103F060F90A4D0B4B5B1B9C10C9
:10DA80000026A64205D170BD55F8043B98470136E3
:10DA9000EEE755F8043B98470136F2E734160108E3
:10DAA000341601083416010838160108704770470B
:10DAB00070470A44914200F1FF3300D1704710B51E
:10DAC00011F8014B03F8014F9142F9D110BD00004C
:10DAD0009FED010B704700BF000000000000F87FC1
:10DAE0009FED010A704700BF0000C07F1FB51446BC
:10DAF0001A46094B1B680546D8684CB1074B009184
:10DB0000CDE9013406492B4601F0B8FC01F0F2FCE6
:10DB1000044B1C46F3E700BF90040020930E01085D
:10DB2000A00E0108CE0E010838B50546002941D0E7
:10DB300051F8043C0C1F002BB8BFE41800F036FC71
:10DB40001D4A136833B9636014602846BDE8384045
:10DB500000F032BCA34208D9206821188B4201BFD3
:10DB600019685B6809182160EDE71A465B680BB11C
:10DB7000A342FAD911685018A0420BD12068014481
:10DB8000501883421160E0D118685B685360084404
:10DB90001060DAE702D90C232B60D6E72068211841
:10DBA0008B4204BF19685B68636004BF0918216079
:10DBB0005460CAE738BD00BF680F00200369B3EBAB
:10DBC000611F2DE9F0434FEA611200F1140445DDB5
:10DBD00011F01F0104EB830604EB82050CD100F168
:10DBE00010072946B14234D39B1A9B00EA1E964285
:10DBF00038BF0023234415E054F82270C1F12008F7
:10DC0000CF4005F1040EA1467645F44615D89A1A80
:10DC10009200043A0135AE4238BF0022A318A75043
:10DC200007B104331A1BA3424FEAA20208BF002324
:10DC3000026108BF4361BDE8F083DCF800C00CFA64
:10DC400008FC4CEA070749F8047B5EF8047BCF40E8
:10DC5000DAE751F804CB47F804CFC3E72346E1E7FE
:10DC6000A0F13003092B02D82038C0B27047A0F1D0
:10DC70006103052B01D84738F7E7A0F14103052BD5
:10DC800001D82738F1E70020704700002DE9F04F58
:10DC900085B08A4602930B68019090469C1CA14671
:10DCA00014F8010B3028FAD0A9EB0303A3F1020BFF
:10DCB000FFF7D6FF0546002868D1A0490122484653
:10DCC000FFF7F8FD0746002867D199F801002646BE
:10DCD000FFF7C6FF002862D02346187830289946FF
:10DCE00003F10103F9D0FFF7BBFFB0FA80F56D092E
:10DCF0004FF0010B4A46164601323078FFF7B0FF6D
:10DD00000028F8D18D4901223046FFF7D3FD0028C5
:10DD10003FD144B9741C2246164601323078FFF7D1
:10DD20009FFF0028F8D1A41BA700337803F0DF037E
:10DD3000502B3ED173782B2B33D02D2B34D0711C2C
:10DD400000240878FFF78CFF431EDBB2182B30D875
:10DD5000A0F1100211F8010FFFF782FF00F1FF3C64
:10DD60005FFA8CFCBCF1180F4FF00A031ED904B106
:10DD700052421744CAF80010EDB1BBF1000F0CBFBE
:10DD800006250025284605B0BDE8F08F00252C4665
:10DD9000B0E7002CC7D12746C7E74E462F460125DE
:10DDA000C3E70024B11CCCE70124FBE703FB02001E
:10DDB000CEE73146DEE7A6EB0903013B2946072BF8
:10DDC0000ADC019800F0FEFA044640B95C4B0246BA
:10DDD000E4215C48FFF78AFE01315B10EFE700F1B8
:10DDE000140A002355469B46B14537D345F804BB7A
:10DDF000A5EB0A05AD102561584600F0D3FB6D0177
:10DE0000D8F800602D1AB54254DDAD1B29462046D6
:10DE100000F06FFF814678B16B1E591103F01F02AD
:10DE20005AF821104FF0010909FA02F20A4203D010
:10DE30004B4536DC4FF0020929462046FFF7BEFE6F
:10DE40002F44D8F80830BB4242DA0198214600F04E
:10DE5000F7FA0E9A00231360A32593E716F8012D15
:10DE60002E2A12D0202B04D145F804BB4FF0000B12
:10DE70005B4630780393FFF7F3FE039B00F00F003F
:10DE800098404BEA000B0433AEE7B145EAD82B4982
:10DE9000039301223046FFF70DFD039B0028E1D1DB
:10DEA000A2E7A91E204600F024FF0028C2D04FF0B0
:10DEB0000309C1E709DA751B214601982A4600F0DB
:10DEC000D9FC7F1B044600F1140A4FF00009B8E7A3
:10DED000D8F80450BD426FDDED1BAE4234DCD8F8FB
:10DEE0000C30022B22D0032B24D0012B15D1AE42B3
:10DEF00013D1012E0BD1029AD8F8043013600123FC
:10DF00002361CAF800300E9B62251C603AE7711E3F
:10DF1000204600F0EEFE0028EDD10198214600F0E9
:10DF20008FFA0E9A0023136050252BE70F9B002BCE
:10DF3000F3D1E0E70F9B002BDDD1EEE70C0E0108DB
:10DF4000CF0E0108E00E01086F1EB9F1000F30D1AD
:10DF500027B13946204600F0CCFE81467A110123D4
:10DF60005AF8222007F01F07BB40134229462046DB
:10DF700018BF49F00209FFF721FED8F80470761B9C
:10DF80000225B9F1000F47D0D8F80C30022B15D07C
:10DF9000032B17D0012B09D119F0020F06D0DAF8A4
:10DFA000003049EA030919F0010F0ED145F01005C0
:10DFB00032E04FF00109D1E70125E2E70F9BC3F101
:10DFC00001030F930F9B002BF0D0D4F810B004F195
:10DFD00014034FEA8B0A03EB8B014FF0000C184639
:10DFE00053F8042BB2F1FF3F1BD001320260022D27
:10DFF00004F114033CD1D8F80020013AB24209D10F
:10E000007111012253F8213006F01F0602FA06F6BC
:10E010001E423AD145F020050E9B1C60029B1F60FA
:10E02000B0E6994243F804CCD9D8A3689B4517DBE6
:10E0300061680198013100F0C5F9814618B91A4BA1
:10E0400002468421C5E62269023204F10C019200E5
:10E050000C30FFF72EFD2146019800F0F1F94C46F7
:10E0600023695A1C04EB8303226101225A61BEE733
:10E0700022695A450BDD01212046FFF79FFDD8F8A4
:10E0800008300137BB42FFF6E0AE0125C2E716F0CB
:10E090001F06FAD05344C6F1200653F8040C00F0D2
:10E0A00081FAB042E7DBF0E7CF0E0108C2F10802C7
:10E0B000920070B5C2F120064368046803FA06F5C1
:10E0C0002C43D340046040F8043F8842F4D370BD31
:10E0D00030B50368013311F8014B14B90360012016
:10E0E00030BD13F8012BA2F14105192D98BF203244
:10E0F000A242F0D00020F3E72DE9F04F0B68016851
:10E100005E1102EB860613F01F0387B018BF0436BA
:10E110000025371F82469046019346F8045CB946B5
:10E120003C460295AB464A784B1C039342B31046DB
:10E1300005910492FFF794FD002853D1049A0599A4
:10E14000202A18D8029B9B4513DD4C4506D2072D8B
:10E1500004DC2A4649462046FFF7A8FF444554D927
:10E160000023A4F1040944F8043CCDF808B04C465F
:10E170001D460399D7E7292A59D10231CAF8001060
:10E18000BBF1000F53D04C4506D2072D04DC2A46C4
:10E1900049462046FFF78AFF444538D9A8F10402D2
:10E1A000234653F8041B42F8041F9F42F9D23B1B3D
:10E1B00023F003030134033EB44288BF002308F177
:10E1C0000402134400211A4604339F421160FAD21C
:10E1D0003B681BB9474528D101233B60052007B0A8
:10E1E000BDE8F08F0135082D0BF1010B06DD44452C
:10E1F000BFD9002344F8043C0125043C226800F008
:10E200000F0040EA02102060B3E70825B1E7019B48
:10E21000002BDDD0C3F120034FF0FF32DA4056F877
:10E22000043C134046F8043CD2E7043FD0E7042006
:10E23000D5E70000024B0146186800F025B800BF82
:10E240009004002070B50F4E0C463168054611B998
:10E2500001F040F930602146284601F03BF9431CAB
:10E2600003D14FF0FF34204670BDC41C24F00304DA
:10E27000A042F8D0211A284601F02CF90130F2D141
:10E28000EFE700BF640F00202DE9F843CD1C25F017
:10E29000030508350C2D38BF0C25002D064601DB83
:10E2A000A94204D90C2333600020BDE8F883DFF8CD
:10E2B000D48000F07BF8D8F800301C4644BB2946D7
:10E2C0003046FFF7BFFF431C044658D1D8F8004042
:10E2D0002746002F43D1002C4BD0236839463046C7
:10E2E00004EB030901F0F6F8814542D121686D1A6B
:10E2F00029463046FFF7A6FF01303AD023682B4469
:10E300002360D8F800305A6862BBC8F800700FE08C
:10E310002268521B20D40B2A17D96119A342256009
:10E3200018BF5960636808BFC8F8001062514B609D
:10E33000304600F041F804F10B00231D20F00700E7
:10E34000C21A1CBF1B1AA350AFE76268A3420CBFDE
:10E35000C8F800205A60EBE723466468AEE73C4605
:10E360007F68B6E71A465B68A342FBD1002353607F
:10E37000DEE70C233360304600F01EF894E70560BA
:10E38000D6E700BF680F002082B001B901A942B1F1
:10E390004BB113780B601278101E18BF012002B029
:10E3A00070471046FBE76FF00100F8E70148FFF700
:10E3B0007EBB00BF600F00200148FFF779BB00BFA4
:10E3C000600F002070B5C46905460E4684B9102060
:10E3D000FFF730FF0446E86128B90246164B17489C
:10E3E0006B21FFF783FB0023C0E901330360C360A7
:10E3F000E36853B921220421284601F082F8EB6931
:10E40000E060DB680BB9002070BD53F8260030B126
:10E41000026843F826200023C0E90333F4E7012112
:10E4200001FA06F4621D9200284601F06AF80028FD
:10E43000E9D0C0E90164EEE71A0E0108400F0108B7
:10E4400070B5C66905460C4676B91020FFF7F2FE96
:10E450000246E86120B9094B09488F21FFF746FBC6
:10E46000C0E901660660C6603CB1EB696268DB68C2
:10E4700053F82210216043F8224070BD1A0E0108A3
:10E48000400F01082DE9F0410D6907460C461E4674
:10E4900001F1140C0020DCF8003099B202FB01619C
:10E4A0001E0C0B0C02FB063389B2013001EB034159
:10E4B00085424CF8041B4FEA1346ECDC0EB3A3680C
:10E4C000AB4219DC616838460131FFF77BFF8046BB
:10E4D00028B902460C4B0D48BA21FFF707FB226909
:10E4E000023204F10C0192000C30FFF7E2FA2146EF
:10E4F0003846FFF7A5FF444604EB850301355E610E
:10E5000025612046BDE8F081CF0E0108400F0108CB
:10E510002DE9F8430C4615461F46092208330646E6
:10E5200093FBF2F3002101229A4209DB3046FFF708
:10E5300049FF40B90246194B1948D321FFF7D6FAD3
:10E5400052000131F0E7089B4361092D4FF00103B0
:10E55000036116DD04F10908C1462C4419F8013B9A
:10E560000146303B0A223046FFF78CFFA145F5D12A
:10E57000A844A8F108042D1B63199F4204DCBDE8E0
:10E58000F8830A340925F6E714F8013B0146303BCD
:10E590000A223046FFF776FFEEE700BFCF0E0108F4
:10E5A000400F0108B0F5803F034636BF030400204A
:10E5B0001020B3F1807F3CBF1B020830B3F1805FB5
:10E5C0003CBF1B010430B3F1804F3CBF9B000230C5
:10E5D000002B05DB13F0804F00F1010008BF202065
:10E5E00070470368024613F007000BD0D90721D407
:10E5F000980749BF5B089B08012013605CBF13604C
:10E600000220704799B209B91B0C1020D9B209B980
:10E6100008301B0A190704BF1B090430990704BFFF
:10E620009B080230D90703D45B0800F1010003D036
:10E6300013607047002070472020704710B50C46CB
:10E640000121FFF7BFFE024628B9054B054840F2FD
:10E650004511FFF74BFA01234461036110BD00BF70
:10E66000CF0E0108400F01082DE9F04FD1F81090AE
:10E67000D2F810A0D14585B08846144604DB534635
:10E680000C46CA4690469946A36861680AEB09069B
:10E69000B342B8BF0131FFF795FE30B90246454B92
:10E6A00045484FF4B171FFF721FA00F1140505EB6D
:10E6B00086072B460022BB421FD304F1140C08F13D
:10E6C00014010CEB8A0301EB890202921A1B153A22
:10E6D00022F0030215349C4288BF00220192029A64
:10E6E00003918A420CD8002E03DD57F8043D002B1D
:10E6F0005DD0066105B0BDE8F08F43F8042BDAE782
:10E70000B1F800A0BAF1000F24D0E046A9464FF0BE
:10E71000000E58F8042BD9F800401FFA82FBA4B26F
:10E720000AFB0B444FEA124BD9F8002074444FEA1D
:10E73000124E0AFB0BE202EB1442A4B244EA02447A
:10E74000434549F8044B4FEA124EE2D8019AAA1801
:10E75000C2F804E0039AB2F802800431B8F1000F65
:10E7600023D02A68E6469146AA464FF0000BBEF831
:10E77000004008FB04B404EB194492B242EA04429C
:10E780004AF8042B5EF8042BDAF800904FEA124B9B
:10E790001FFA89F208FB0B2202EB144273454FEA81
:10E7A000124BE4D8019C2C196260043597E7013EB6
:10E7B00099E700BFCF0E0108400F01082DE9F8438B
:10E7C000174612F0030280460D4607D0264C013A48
:10E7D000002354F82220FFF755FE0546BF103FD016
:10E7E000D8F81C4094B91020FFF724FD0446C8F85F
:10E7F0001C0030B902461D4B1D4840F2B311FFF713
:10E8000075F90023C0E901330360C360A66846B907
:10E8100040F271214046FFF711FF0023A060064639
:10E8200003602C464FF0000907F001037F1053B13D
:10E83000294632464046FFF717FF21460546404627
:10E84000FFF7FEFD67B1306838B9324631464046C1
:10E85000FFF70AFF3060C0F8009006462C46E3E759
:10E860002846BDE8F88300BF241101081A0E0108EC
:10E87000400F01082DE9F84F0C464968236903EB66
:10E880006218A368074615464FEA621A08F10109A3
:10E890004B450BDB3846FFF795FD064648B9024667
:10E8A000294B2A484FF4EF71FFF720F901315B0043
:10E8B000EEE7002300F1140C00F110021946534555
:10E8C00035DB22692AEAEA7A0CEB8A0C04F114039C
:10E8D00015F01F0E614603EB82022CD0CEF1200A08
:10E8E000002518688B4600FA0EF02843CBF800008C
:10E8F00053F8045B9A4201F1040125FA0AF5F0D8B5
:10E90000131B153B23F0030304F115018A4238BFA2
:10E9100000239C44CCF8045005B9C1463846C6F8DB
:10E9200010902146FFF78CFD3046BDE8F88F42F885
:10E93000041F0133C3E753F8045B0D609A4201F1F1
:10E940000401F8D8E9E700BFCF0E0108400F010825
:10E950000A6903460069801A30B50ED114331431A8
:10E9600003EB820401EB820154F8045D51F8042D9D
:10E97000954203D005D24FF0FF3030BDA342F3D310
:10E98000FBE70120F9E700002DE9F74F8A4606462C
:10E99000114650461446FFF7DBFF051E12D12946EB
:10E9A0003046FFF70FFD024628B9414B40F23721B0
:10E9B0004048FFF79BF80123C0E90435104603B037
:10E9C000BDE8F08FBCBF5346A2463046DAF80410CB
:10E9D000BABF1C4601250025FFF7F4FC024618B912
:10E9E000334B40F24521E3E7DAF810702669C56041
:10E9F0000AF1140904F1140E00F114050AF11003D0
:10EA000009EB87080EEB86060193AB464FF0000C2E
:10EA1000019B5EF8040B53F804AF01931FFA8AF3CD
:10EA2000194683B2CB1A000C6344C0EB1A4000EBCA
:10EA300023409BB243EA004376454BF8043B4FEA40
:10EA4000204CE5D8331B153B153423F00303A642B5
:10EA500038BF0023E8184B441C1D04302646A5EBA4
:10EA60000905464506EB050E0ED308F10301091B07
:10EA700021F003010133984538BF0021014451F8CA
:10EA8000043D9BB1176199E756F8041BE2464FEA33
:10EA900011491CFA81FC514409EB2C4989B241EA25
:10EAA00009414FEA294CCEF80010DAE7013FE6E7CA
:10EAB000CF0E0108400F010882B08DED000B019AC6
:10EAC0000F4B1340A3F15073002B08DC5B42B3F1F2
:10EAD000A07F4FEA235204DA4FF4002313410022AF
:10EAE00008E0A2F114031E2BDABF4FF00042DA4017
:10EAF000012200231946104641EC100B02B070476A
:10EB00000000F07F2DE9F041066900F1140808EBE0
:10EB10008606371F56F8042C1046FFF743FDC0F158
:10EB200020030A280B601B4915DCC0F10B0C22FAEC
:10EB30000CF3B84543EA010534BF56F8083C0023FE
:10EB4000153002FA00F023FA0CF303431C4645EC9F
:10EB5000104BBDE8F081B8453ABF56F8083CA6F125
:10EB6000080700230B3812D0C0F1200123FA01F46A
:10EB700082402243474542F07F558CBF57F8042C12
:10EB800000228340CA4045F440151343DEE742EAC1
:10EB90000105DBE70000F03F2DE9F7430F460121B7
:10EBA00059EC108B1646FFF70DFC044630B90246AF
:10EBB000234B244840F20F31FEF798FFC9F30A5562
:10EBC000C9F313030DB143F480130193B8F10003AB
:10EBD00023D068460093FFF704FD0099D8B1019A4D
:10EBE000C0F1200302FA03F30B43C24063610192B8
:10EBF000019BA361002B0CBF012202222261A5B15F
:10EC0000A5F2334505443D60C0F135003060204633
:10EC100003B0BDE8F0836161EAE701A8FFF7E1FC1A
:10EC2000019B636120300122E8E704EB8203A0F23C
:10EC3000324038601869FFF7B5FCC0EB4210E5E7D9
:10EC4000CF0E0108400F01082DE9F04F85B0CDE946
:10EC5000001002A9FFF756FF009803A955EC104BCE
:10EC6000FFF750FF019B1969009B1B69C91ADDE979
:10EC700002329B1A5BEC10AB03EB4113002BCEBFAF
:10EC80002A46C3EB03335A462F46D946CCBF02EB84
:10EC9000035702EB03594B46524620463946F1F7DB
:10ECA000EDFD41EC100B05B0BDE8F08F013970B5FA
:10ECB00049111469013102F1140300EB810103EBE6
:10ECC0008404051FA3420CD3A31A113B23F00303B2
:10ECD0001132944238BF002318440023884205D3E0
:10ECE00070BD53F8046B45F8046FEBE740F8043B44
:10ECF000F4E700F1140200694B11984210B511DBE2
:10ED00000ADD11F01F0107D052F8234024FA01F068
:10ED100000FA01F18C420BD102EB8303934203D83A
:10ED2000002010BD0346F7E753F8041D0029F5D075
:10ED30000120F6E70346084641B1FF2A04D98A229A
:10ED40001A604FF0FF3070470A70012070472DE9BC
:10ED5000F0478E681F46BE4282460C4690463346B8
:10ED600053D8B1F90C0010F4906F2BD0656923686B
:10ED7000096905EB4505A3EB010905EBD5757B1C7E
:10ED80006D104B44AB422A4684BF1D462A464305BC
:10ED900027D511465046FFF777FA064658B3216942
:10EDA0004A46FEF786FEA38923F4906343F080036E
:10EDB000A381266165614E44A5EB09052660A56027
:10EDC0003E463B461F4620683A46414600F068FBF7
:10EDD000A3689B1BA36023683B4423600020BDE81D
:10EDE000F087504600F0A1FB06460028E1D12169DA
:10EDF0005046FEF799FE0C23CAF80030A38943F071
:10EE00004003A3814FF0FF30E9E73E46DBE7000017
:10EE10002DE9F0471F468B891B069CB006460D4620
:10EE2000144610D50B6973B94021FFF72DFA2860FD
:10EE3000286130B90C2333604FF0FF301CB0BDE8BF
:10EE4000F08740236B610023099320238DF829303C
:10EE500003973023654F8DF82A304FF00108234681
:10EE6000994613F8012B0AB1252AF9D1B9EB040A06
:10EE70000BD05346224629463046FFF768FF013043
:10EE800000F0A480099A5244099299F80030002BAE
:10EE900000F09C8000234FF0FF32CDE9052309F1FB
:10EEA0000109049307938DF853301A934C464F4849
:10EEB00014F8011B0522F1F7ABF9049BD0B9D80671
:10EEC00044BF20228DF85320190744BF2B228DF810
:10EED000532099F800202A2A13D0079A4C46002084
:10EEE0004FF00A0C214611F8013B303B092B49D960
:10EEF00068B913E0C01B08FA00F018430490A1465B
:10EF0000D4E7039A111D12680391002A01DB0792CE
:10EF100004E0524243F002030792049323782E2B1D
:10EF20000AD163782A2B32D1039B1A1D1B680392E6
:10EF300043EAE37302340593DFF8C090217803229B
:10EF40004846F1F765F938B1049BA0EB090040226F
:10EF5000824013430134049314F8011B24488DF8B4
:10EF600028100622F1F754F9002835D0214818BBA3
:10EF7000039B073323F0070308330393099B0344E0
:10EF800009936CE70CFB02320C460120AAE7002330
:10EF90000134059319464FF00A0C204610F8012B56
:10EFA000303A092A03D9002BC6D00591C4E70CFBDF
:10EFB000012104460123F0E703AB00932A460E4BE0
:10EFC00004A93046AFF30080421CD7D1AB895B0661
:10EFD0003FF532AF099831E703AB00932A46064B61
:10EFE00004A9304600F07AF8EEE700BF990F010857
:10EFF000A30F0108000000004FED00089F0F01085B
:10F000002DE9F047164698468A680B69DDF820908E
:10F010009342B8BF1346336091F8432007460C462D
:10F020000AB1013333602368990642BF3368023363
:10F030003360256815F0060506D104F1190AE36866
:10F0400032689B1AAB4226DC94F843302268003BBE
:10F0500018BF012392062BD404F1430241463846DF
:10F06000C84701301ED02368226903F00603042B31
:10F0700002BFE5683368ED1AA3680CBF25EAE575A1
:10F0800000259342C4BF9B1AED1800261A34B542DE
:10F090001AD1002008E00123524641463846C847AD
:10F0A000013003D14FF0FF30BDE8F0870135C6E7EE
:10F0B000E1185A1C302081F84300224494F845108E
:10F0C00082F843100233C7E70123224641463846FF
:10F0D000C8470130E6D00136D9E700002DE9F043FA
:10F0E0000D7E85B0782D90460C9E07460C469946BD
:10F0F00001F1430207D8622D0AD8002D00F0D78015
:10F10000582D00F0BC8004F1420684F842503BE0E8
:10F11000A5F16303152BF6D801A151F823F000BF28
:10F1200079F100088DF1000807F1000807F10008E7
:10F1300007F1000807F100088DF1000807F1000849
:10F1400007F1000807F1000807F1000895F2000830
:10F15000B7F1000847F2000807F1000807F10008BE
:10F16000B7F2000807F10008B7F1000807F100083E
:10F1700007F100084FF2000833681A1D1B6832605F
:10F1800004F1420684F842300123A1E0336820688C
:10F19000191D3160060601D51D6803E04506FBD543
:10F1A000B3F90050002D03DA2D236D4284F843306B
:10F1B0005B480A2311E021683368080653F8045BB2
:10F1C00002D4490648BFADB23360237E54486F2B4A
:10F1D0005CD10823002184F843106668A660002EE5
:10F1E00005DB21682E4321F00401216050D0164632
:10F1F000B5FBF3F103FB115C10F80CC006F801CD70
:10F20000AC4663450D46F3D9082B0BD12368DB07C9
:10F2100008D5236961689942DEBF302306F8013CB6
:10F2200006F1FF36921B2261CDF80090434603AAF7
:10F2300021463846FFF7E4FE01304ED14FF0FF3053
:10F2400005B0BDE8F083236843F020032360354810
:10F25000782584F845502368316813F0800F51F801
:10F26000045B03D113F0400F18BFADB23160D90772
:10F2700044BF43F0200323601DB11023AAE72848B0
:10F28000E7E7236823F020032360F6E70A23A1E7DA
:10F290001646B9E7336825686169181D30602E0687
:10F2A0001B6801D5196002E06806FBD519800023B0
:10F2B00023611646B8E733681A1D32601E6862681B
:10F2C00000213046F0F7A4FF08B1801B606063683E
:10F2D0002361002384F84330A6E723693246414680
:10F2E0003846C8470130A9D023689B0713D4E0688B
:10F2F000039B9842B8BF1846A2E701233246414615
:10F300003846C847013099D00135E36803995B1A44
:10F31000AB42F2DCEBE7002504F11906F5E700BF8C
:10F32000AA0F0108BB0F0108B1F90C202DE9F0412B
:10F33000160705460C4651D44B68002B02DC0B6CBB
:10F34000002B49DDE66A002E46D0002312F48052DD
:10F350002F682B6031D0626DA389590705D563688A
:10F36000D21A636B0BB1236CD21A0023E66A216AAE
:10F370002846B047421CB4F90C3006D129681D2933
:10F3800046D8294ACA40D60742D500226260D9042D
:10F390002269226004D5421C01D12B6803B9606543
:10F3A000616B2F60C1B104F14403994202D0284639
:10F3B000FEF7BAFB002363630EE0216A01232846AF
:10F3C000B0470246501CC7D12B68002BC4D01D2B60
:10F3D00001D0162B1AD12F6000201EE00F69002FDC
:10F3E000FAD093070E6808BF4B690F6018BF00235F
:10F3F000A6EB07088B60B8F1000FEDDD216AA66A65
:10F4000043463A462846B047002808DCB4F90C3099
:10F4100043F04003A3814FF0FF30BDE8F081074483
:10F42000A8EB0008E7E700BF0100402038B50B69F2
:10F4300005460C4613B90025284638BD18B1036AA5
:10F440000BB9FEF77FF9B4F90C30002BF3D0626EE4
:10F45000D00704D4990502D4A06DFEF728FB2846F6
:10F460002146FFF761FF636EDA070546E4D4A389FE
:10F470009B05E1D4A06DFEF71BFBDDE70EB403B5E1
:10F48000014603AB054853F8042B0068019300F0D4
:10F49000A3F802B05DF804EB03B0704790040020BD
:10F4A000884210B501EB020402D98442234607D8F2
:10F4B000431EA14207D011F8012B03F8012FF8E7F2
:10F4C0000244824200D110BD13F8011D02F8011D53
:10F4D000F7E7000038B5064D0023044608462B60C8
:10F4E000F4F744FA431C02D12B6803B1236038BD02
:10F4F0005C0F002008B5062000F03CFA0120F4F76C
:10F50000BCF970B5A1FB025434B92946FEF7BCFE24
:10F51000064628B9304670BD0C2202600026F9E785
:10F520002A462146FEF7BEF9F4E72DE9F0410746E9
:10F5300014460D4621B9BDE8F0411146FEF7A4BEC0
:10F540002AB9FEF7F1FA25462846BDE8F08100F019
:10F550002DFA8442064602D8B4EB500FF4D8214667
:10F560003846FEF791FE804608B94546ECE7B442BE
:10F570002246294628BF3246FEF79BFA29463846DE
:10F58000FEF7D2FAF1E79368013B002B10B49360C9
:10F5900008DA9469A34201DB0A2903D15DF8044B20
:10F5A00000F02EB91368581C1060197008465DF8F9
:10F5B000044B7047F8B506460F461446D518AC42C2
:10F5C00001D1002007E014F8011B3A463046FFF74E
:10F5D000DAFF431CF3D1F8BD2DE9F0470D469CB08E
:10F5E00014461F46064618B1036A0BB9FEF7AAF87F
:10F5F0006B6ED90705D4AB899A0502D4A86DFEF7C6
:10F6000056FAAB891B0701D52B699BB929463046B1
:10F6100000F034F970B16B6EDC0704D54FF0FF30A9
:10F620001CB0BDE8F087AB899805F7D4A86DFEF74C
:10F630003FFAF3E70023099320238DF8293003973D
:10F6400030236A4F8DF82A304FF00108234699463F
:10F6500013F8012B0AB1252AF9D1B9EB040A0BD012
:10F660005346224629463046FFF7A4FF013000F0FA
:10F67000A480099A5244099299F80030002B00F0B6
:10F680009C8000234FF0FF32CDE9052309F10109E9
:10F69000049307938DF853301A934C46534814F84B
:10F6A000011B0522F0F7B4FD049BD0B9D90644BF75
:10F6B00020228DF853201A0744BF2B228DF85320A7
:10F6C00099F800202A2A13D0079A4C4600204FF0C0
:10F6D0000A0C214611F8013B303B092B49D968B986
:10F6E00013E0C01B08FA00F018430490A146D4E7C9
:10F6F000039A111D12680391002A01DB079204E0AE
:10F70000524243F002030792049323782E2B0AD12E
:10F7100063782A2B32D1039B1A1D1B68039243EA9C
:10F72000E37302340593DFF8D4902178032248462E
:10F73000F0F76EFD38B1049BA0EB09004022824037
:10F7400013430134049314F8011B29488DF8281041
:10F750000622F0F75DFD00283ED0264818BB039B2B
:10F76000073323F0070308330393099B03440993EA
:10F770006CE70CFB02320C460120AAE7002301349F
:10F78000059319464FF00A0C204610F8012B303A29
:10F79000092A03D9002BC6D00591C4E70CFB01212F
:10F7A00004460123F0E703AB00932A46124B04A959
:10F7B0003046AFF30080431CD7D16B6ED90705D418
:10F7C000AB899A0502D4A86DFEF772F9AB895B0686
:10F7D0003FF524AF099823E703AB00932A46064B75
:10F7E00004A93046FFF77AFCE5E700BF990F01084E
:10F7F000A30F010800000000B5F500089F0F0108E5
:10F80000F8B50E461446054618B1036A0BB9FDF764
:10F8100099FFA369A360A3891A0701D5236943B996
:10F820002146284600F02AF818B14FF0FF37384635
:10F83000F8BD23682269981A6369F6B28342374695
:10F8400005DC21462846FFF7F1FD0028EDD1A3682D
:10F85000013BA36023685A1C22601E706269431C2E
:10F860009A4204D0A389DB07E1D50A2EDFD12146D5
:10F870002846FFF7DBFD0028D9D0D6E738B5284B5E
:10F88000054618680C4618B1036A0BB9FDF75AFF14
:10F89000B4F90C301A0721D4D80607D409222A60FB
:10F8A00043F04003A3814FF0FF3030E0590712D5F9
:10F8B000616B41B104F14403994202D02846FEF73E
:10F8C00033F9002363630022B4F90C3062602269CB
:10F8D000226023F0240343F00803A38122693AB98C
:10F8E0009A0501D5180603D52146284600F08AF866
:10F8F000B4F90C3013F001020AD00022A260626950
:10F900005242A261226942B913F08000C8D138BDC9
:10F91000990758BF6269A260F4E70020F7E700BFCB
:10F92000900400201F2938B505460C4604D916233B
:10F9300003604FF0FF3038BDC26B12B152F8213076
:10F940004BB9284600F030F8224601462846BDE86B
:10F95000384000F017B8012B0AD0591C03D11623E8
:10F9600003600120E7E7002142F824102046984771
:10F970000020E0E7024B01461868FFF7D3BF00BF45
:10F980009004002038B5074D002304460846114670
:10F990002B60F3F762FF431C02D12B6803B1236095
:10F9A00038BD00BF5C0F0020F3F74FBF51F8043C97
:10F9B000181F002BBCBF0B58C018704770B50C4601
:10F9C000B1F90E10002996B015461E460ADAA18933
:10F9D00011F0800113D14FF48062002031602A6061
:10F9E00016B070BD6A4600F047F80028EFDB0199B9
:10F9F00001F47041A1F5005359425941EBE7002150
:10FA00004022EAE78B8973B59E0705460C4607D569
:10FA100004F14703236023610123636102B070BDD9
:10FA200001AB6A46FFF7CAFF009E28463146FEF743
:10FA30002BFCB4F90C3038B99A05EFD423F003034A
:10FA400043F00203A381E3E743F08003A381019B1A
:10FA50002060C4E90406002BE0D0B4F90E1028465B
:10FA600000F01CF80028D9D0A38923F0030343F049
:10FA70000103A381D2E7000038B5074D00230446F7
:10FA8000084611462B60F3F748FF431C02D12B6850
:10FA900003B1236038BD00BF5C0F002038B5064DB0
:10FAA0000023044608462B60F3F747FF431C02D1AE
:10FAB0002B6803B1236038BD5C0F002008B52DED25
:10FAC000028BB0EE408A00F091F9B4EE488AF1EE74
:10FAD00010FAF0EE408A0AD6B0EE480A00F076F846
:10FAE000F7EE007AB4EEE70AF1EE10FA04DCB0EEBD
:10FAF000680ABDEC028B08BDFDF7AEFFBDEC028BC2
:10FB0000034621221A600248BDE80840FDF7E8BF1D
:10FB10002012010800F064BA08B52DED028BB0EE9A
:10FB2000408A00F095F8B4EE488AF1EE10FA06D655
:10FB3000DFED098AB4EEE88AF1EE10FA02D4BDECEA
:10FB4000028B08BDFDF788FF88EEA80ABDEC028B8A
:10FB50002123036008BD00BF0000000010EE103A32
:10FB6000184923F000428A4219D9B2F1FF4F02D35B
:10FB700030EE400A704700B583B0684600F0D6FA10
:10FB800000F0030001289DED000ADDED010A0FD011
:10FB9000022808D088B900F05FF803B000BDDFED9F
:10FBA0000A0A00F059B800F057F8B1EE400AF4E73D
:10FBB00000F0D4F8B1EE400AEFE7012000F0CEF8F3
:10FBC000EBE700BFD80F493F0000000010EE103AED
:10FBD00023F0004300EE103A704700BF10EE103AD9
:10FBE000194923F000428A421AD9B2F1FF4F02D3D9
:10FBF00030EE400A704700B583B0684600F096FAD0
:10FC000000F0030001289DED000ADDED010A12D08D
:10FC100002280AD090B9012000F0A0F803B000BD7E
:10FC2000DFED0A0A002000F099B8012000F096F8F4
:10FC3000B1EE400AF2E700F00FF8EFE700F00CF841
:10FC4000B1EE400AEAE700BFD80F493F00000000CC
:10FC5000B1EEC00A704700BF10EE103A23F0004327
:10FC6000B3F1485F2CD2FDEEC07A17EE903A002B2C
:10FC700060D060EE007A9FED317A9FED315ADFED72
:10FC8000315A9FED316ADFED316AA7EE875A9FED59
:10FC9000307AE7EE855AA7EEA56AA7EE867AE7EEF8
:10FCA000876A67EEA66A60EEC00AB6EE007AE7EEF3
:10FCB000A60AB7EE000AD7EE870A30EE600A704750
:10FCC00060EE007A9FED1D7A9FED1D5ADFED1D5A03
:10FCD0009FED1D6ADFED1D6A1E4AA7EE875A93420B
:10FCE0009FED1B7AE5EE275AA5EEA76AA6EE277AC6
:10FCF000E7EE276A66EEA76AD5D9174A934214D869
:10FD000003F17F4307EE103AB7EE006A36EE476A1A
:10FD100060EEC00AF6EE005A97EEA57AE7EEA60A64
:10FD200037EE607A36EE470A7047B6EE076AB5EEF0
:10FD3000027AEDE7B7EE000A704700BF4ED747AD35
:10FD4000F6740F317CF293B4010DD037ABAA2A3D83
:10FD5000610BB6BA9999993E0000483F10EE103AEF
:10FD600023F00043B3F1485F04D2FDEEC07A17EEF2
:10FD7000903A5BB360EE007A9FED157ADFED155A8D
:10FD80009FED156ADFED156AE7EE875A9FED147A4D
:10FD9000A5EEA76A20EE275AE6EE276AA6EEA77A16
:10FDA00030B9DFED106AE7EE876AA6EE850A704784
:10FDB00027EE457AF6EE006AA0EEA67ADFED0A6A33
:10FDC000D7EE270AE5EE260A30EE600A704700BF3C
:10FDD000D3C92E2F342FD7B21BEF3836010D50B9AF
:10FDE0008988083CABAA2ABEABAA2A3E38B510EED9
:10FDF000105A25F00044B4F17E5F2DED048BF0EE37
:10FE0000407A7FD077D8B4F17C5F0ED2B4F1485FEE
:10FE100080F090809FED627A30EE077AF7EE006A0C
:10FE2000B4EEE67AF1EE10FA62DCB0EE670AFFF7A4
:10FE3000CDFEF7EE007A37EEC08AB6EE007A28EEF5
:10FE4000078ADFED586A9FED587A9FED586A9FED5B
:10FE5000585ADFED585ADFED588AE8EE076A9FEDF1
:10FE6000577AA8EE067AA6EE885A9FED556ADFED1E
:10FE7000556AA7EE086AE5EE085A9FED537AA6EE9A
:10FE8000087AE5EE886AE7EE087AE6EE888AB0EE50
:10FE9000480AB0EE679AFFF7DBFE4C4B68EE888AA3
:10FEA0009C4288EE896A38D810EE103A6FF30B0343
:10FEB00006EE903AA6EEE68A70EE267A9FED447A38
:10FEC000C8EE274AF0EE005AA4EEE57ADFED417A5B
:10FED00030EE000AB0EE675A90EE067AA6EEE55ACA
:10FEE00037EE457A37EEC70A002D01DCB1EE400A45
:10FEF000BDEC048B38BDBDEC048B70EE407A87EE10
:10FF0000A70A38BDBDEC048B9FED310A9FED327A14
:10FF100027EE800AA7EE870A38BDA0EE060A9FEDFD
:10FF20002F7ADFED2D7AF0EE006AA0EE267A37EE1A
:10FF3000C70AD9E720EE007ADFED1B6A9FED196A48
:10FF4000DFED1B5A9FED195ADFED1A4AA7EE266A1C
:10FF5000BDEC048BE6EE075ADFED186A9FED186AD8
:10FF6000E7EE056AE5EE874AA6EE876A9FED155A29
:10FF7000DFED155ADFED106AA4EE875AE6EE075A58
:10FF8000E5EE076AB7EE006AA5EE876A26EE877A85
:10FF9000C7EE066AE0EE267AB0EE670A38BD00BF0B
:10FFA000CAF24971047F4F3A08EF11382EC69D3DC1
:10FFB000461124BDA80A4E3EABAA2A3E613330BF8B
:10FFC0002D57014090B0A6BE39D119C09999793FFB
:10FFD0002EBD3BB3DB0F493FDB0FC93F2EBD3B338B
:10FFE00010B582B0CDED010A019B23F00042B2F1C1
:10FFF000FF4FF0EE407A30D810EE100A20F00041AA
:020000040801F1
:10000000B1F1FF4F29D8B3F17E5F3ED09C1704F0C9
:10001000020444EAD07431B37AB3B2F1FF4F3FD057
:10002000B1F1FF4F29D0891AB1F1F45F4FEAE152E3
:1000300033DA002B41DA3C323FDA9FED330A012CF0
:100040004DD0022C42D064B19FED307ADFED307A92
:1000500030EE070A30EE670A03E09DED017A37EED5
:10006000270A02B010BD022C0CD09FED2A7A032C77
:1000700008BFB0EE470A02B010BD00280ADB9FEDB2
:10008000260AEEE79FED220AEBE702B0BDE810403A
:1000900000F082B99FED210AE3E79FED1F0ACEE74A
:1000A000B1F1FF4F04F1FF3420D0022C26D81C4BB5
:1000B00003EB840393ED000AD3E79DED017A87EE0D
:1000C000870AFFF783FD00F067F9B8E79FED0F7A25
:1000D000DFED0F7A30EE070A37EEC00AC1E710EE07
:1000E000103A03F1004300EE103ABAE7022C08D8A8
:1000F0000C4B03EB840393ED000AB2E79FED020A79
:10010000AFE79FED090AACE7000000002EBDBB334E
:10011000DB0F4940DB0F49C0DB0FC93FDB0FC9BF15
:100120002412010830120108DB0F493F70B510EEB0
:10013000103A8B4A23F00044944286B0054671D9A8
:10014000884A94421E4624D823F00042002BDFED5B
:10015000867A864922F00F02B0EE407A40F3E680BC
:100160008A4270EE677A09BF9FED817ADFED816A7E
:10017000DFED816A77EEC77A37EEE67A77EEC77AF7
:1001800080ED007A77EEE67AC0ED017A012006B0C4
:1001900070BD7A4A944253D9B4F1FF4F49D2E21567
:1001A000863AA4EBC25307EE903ABDEEE77ADFED54
:1001B000746AB8EEC77A77EEC77A8DED037A67EE88
:1001C000A67ABDEEE77AB8EEC77A77EEC77A8DEDFC
:1001D000047A67EEA67AF5EE407AF1EE10FACDEDEC
:1001E000057A40F08E80B5EE407AF1EE10FA40F0DC
:1001F0008A800123634901910221009103A82946C5
:1002000000F09CF9002EC2DA95ED007AD5ED017A66
:10021000B1EE477AF1EE677A85ED007AC5ED017AA5
:100220004042B4E7002285ED000A4260002006B09B
:1002300070BD70EE407AC0ED017AC0ED007AF5E74E
:10024000FFF7C4FC9FED507A9FED476AF6EE007A07
:10025000E0EE077A9FED477AFDEEE77AF8EEE76A7F
:1002600017EE900AA6EEC60A1F2866EE877AB1EE50
:10027000666A30EE677A1EDC444A411E26F000436F
:1002800052F8212023F0FF03934214D085ED007A29
:1002900030EE470A002E30EE670A85ED010ABFF600
:1002A00076AFB1EE477AB1EE400A85ED007A85ED82
:1002B000010A40426BE717EE103AC3F3C753C3EB92
:1002C000D453082B4FEAE452E0DD9FED297A9FEDED
:1002D0002A5AF0EE405AE6EE075A70EE657AE6EEDC
:1002E000077AD6EE857A35EEE77A17EE103AC3F341
:1002F000C753D21A192A08DCB0EE650A85ED007AD8
:10030000C6E7032376E7022374E79FED217A9FED8A
:10031000215AB0EE650AA6EE070A75EEC07AE6EE3F
:10032000077AD6EE857A30EE677AAFE78A4270EECA
:10033000277A09BF9FED0E7ADFED0E6ADFED0E6AB8
:1003400077EE877A37EEA67A77EEC77A80ED007A75
:1003500077EEA67AC0ED017A4FF0FF3017E700BFC5
:10036000D80F493FE3CB1640800FC93FD00FC93F9C
:10037000004435374344353708A3852E800F494361
:1003800000008043BC12010884F9223F3C1201089E
:1003900000A3852E32318D2438B510EE105A25F089
:1003A0000044B4F1A14FF0EE407A07D3B4F1FF4F0F
:1003B00055D8002D77DD9FED4E0A38BD4D4B9C4240
:1003C0005CD8B4F1445F4DD34FF0FF3327EEA76AFA
:1003D0009FED495A9FED497ADFED495ADFED494AD1
:1003E00066EE066A5A1CA6EE857AE6EEA54A9FEDF1
:1003F000465ADFED465AA7EE265AE4EEA65A9FED7E
:10040000447ADFED444AA5EE267AE5EEA64A9FED52
:10041000425ADFED425AA7EE265A9FED417AA4EEEA
:10042000A67AE5EE265A27EE267AA5EE867A27EEFC
:10043000877A3BD03B493C4A01EB8301D1ED006A0E
:1004400037EE667A02EB8303D3ED006A37EE677A04
:10045000002D36EEC70AB0DAB1EE400A38BD30EEF4
:10046000000A38BD9FED317A30EE077AF7EE006A68
:10047000B4EEE67AF1EE10FAA6DD38BDFFF7A6FB82
:100480002B4B9C4215D8A3F5D0039C4226D8F0EE06
:10049000007ABFEE007AA0EE277A002330EE270A1A
:1004A000C7EE007A92E79FED230A38BD37EEC70A00
:1004B00038BD214B9C420BD8F7EE087AB7EE007A94
:1004C000A0EE277A022330EE670AC0EE077A7DE7B6
:1004D000BFEE007AC7EE007A032377E7F7EE007AE3
:1004E00030EE677A30EE270A0123C7EE007A6DE717
:1004F000DB0FC93FFFFFDF3ED769853C59DA4B3D33
:1005000021A215BD6BF16EBD356B883D95879DBDF4
:100510006E2EBA3D388EE3BD2549123EABAAAA3EE7
:10052000CDCC4CBED4150108E4150108CAF24971BE
:10053000FFFF973FDB0FC9BFFFFF1B402DE9F04FC7
:100540002DED048BDBB01C46944603930A46BA4B50
:1005500068991CF1040F53F82170824604F1FF39A9
:10056000C0F25682BCF1030348BF0CF10403DB1058
:10057000029301334FEAC30EACEB0E030593029BCB
:1005800017EB0900A3EB090316D401309FEDAB7AFA
:10059000699C18441EA9002BA4BF54F8235007EEF1
:1005A000905A03F10103ACBFF8EEE77AF0EE477A18
:1005B0008342E1EC017AEED1002FC0F2E28203998E
:1005C0001EA800EB81004FEA81087E18002346AD8B
:1005D0004C460AEB8101B9F1000F80F2C88001346A
:1005E000B44245F8043B00F10400F4D10DF1280BAE
:1005F0000BEB8703CDE9062E043B9FED929ADFEDCE
:10060000908A059804930AEB080446AE0BEB870822
:100610000097CDF820C00DEB8703002F93ED460A1D
:100620004FEA870515DD73195A4660EE097AB0EE78
:10063000407AFDEEE77A73ED016AF8EEE77AB342AD
:10064000A7EEE87A37EEA60ABDEEC77AA2EC017AE9
:10065000EBD1019000F0B8FAF4EE007AB0EE408AE7
:1006600020EE270A00F01EFBF2EE007AA0EE678A69
:1006700001980028FDEEC89AF8EEE97A38EE678A0C
:1006800040F38280791EC0F108035BF821E04EFA46
:1006900003FC0CFA03F3AEEB030EC0F1070219EEF4
:1006A000903A4EFA02F26344002A09EE903A4BF86F
:1006B00021E000F3AF80B5EE408AF1EE10FA74D17C
:1006C000009B9F420ADD5D44002355F8041D45450B
:1006D00043EA0103F9D1002B40F00281009B013B6A
:1006E0005BF823207B1C9C46002A40F0F780049A8C
:1006F000012152F8045D0131002DFAD03944029DE8
:10070000039A05EB030E0EF1804E699D0EF1FF3E3C
:100710003A4405EB8E0E1EAD06EB830705EB820512
:10072000DEED017AF8EEE77AB9F1000F0EF1040E72
:10073000E5EC017ADFED417A09DB2A465346F3EC1A
:10074000016A32ED017AA342E6EE877AF7D10CF125
:10075000010C8C45E7EC017AE2DD0F465BE70134E2
:10076000B442E5EC017A00F104003FF43FAFDFED65
:10077000337A83465346F3EC016A3BED017A8B42B0
:10078000E6EE877AF7D1EAE700F09180F6EE007A9C
:10079000B4EEE78AF1EE10FA80F22981B5EE408AD4
:1007A000F1EE10FA4FF000028AD09246DDE9062EF3
:1007B000DDF820C00197AEEB0C00B0EE480A009FB8
:1007C000009200F001FADFED1E6AB4EEE60AF1EEE7
:1007D00010FADDE90023F0EE407AC0F29C819FED33
:1007E000197A059920EE077A0831BDEEC77A05918E
:1007F000B8EEC77A5C1CE7EE667ABDEEC77AFDEE0E
:10080000E77A17EE901A4BF8231017EE103A4BF8D0
:1008100024307EE00133002F09EE903A40F39D81B1
:1008200059464FF0000E51F8043B002B39D0C3F568
:10083000807341F8043C0CE0201601080000000021
:10084000000080430000803B0B68C3F1FF0341F8C8
:10085000043B0EF1010E7745F6DC01239E4600288D
:100860000BDD012800F0BB80022806D1791E5BF861
:10087000213003F03F0C4BF821C0022A7FF41BAF5C
:10088000B7EE000A734630EE488A002B3FF413AFF0
:100890000992019000F098F90198099A38EE408A7F
:1008A00009E70EF1010E7745BDDC9E46D7E77B1EBA
:1008B0005BF82320D211002A7FF7FDAE19EE903AA3
:1008C000002F03F1010309EE903AA9DC022A7FF41C
:1008D000F2AEF7EE007A37EEC88AECE619460EE77C
:1008E0003B469246DDE905125C1EA1F108005BF86B
:1008F0002410009F059061B903F18043013B0BEB8D
:100900008303014653F8040D013C08390028F9D04F
:10091000059105980092B7EE000A00F055F9002CF9
:10092000009AB0EE407AC0F22281601C46AD5FEDC5
:100930003B6A81000BEB800305EB800073ED017ACD
:10094000F8EEE77A5B4567EE877A27EE267A60ED68
:10095000017AF3D10DF1C8080E1F2E44C646A446F5
:100960000025002F7DDBDFF85C92DFED957A3046C5
:10097000002307E0F9EC016AB0EC017A9F42E6EE51
:10098000877A03DB9D4203F10103F3DA0CF1FF3CAC
:10099000BCF1FF3FEEEC017A05F10105A6F104067A
:1009A000E1D1689B022B6ADC002B36DC0ED1DFED37
:1009B000847A414431ED017A884577EE877AF9D11E
:1009C0005346002B40F0C680C2ED007A19EE903AF3
:1009D00003F007005BB0BDEC048BBDE8F08F791E1F
:1009E0005BF8213003F07F0C4BF821C045E719EE8E
:1009F000903A002F03F1010309EE903AC8BF02229A
:100A00003FF70EAFF7EE007A37EEC88A022252E6C1
:100A100000234FF0080E0293AEE5DDED327A9FED34
:100A2000687A414471ED016A884537EE267AF9D13A
:100A30005346002B40F0848077EEC77A82ED007A2F
:100A400064B133A90123B1EC017A01339C4277EE02
:100A5000877AF8DA53460BB1F1EE677AC2ED017A84
:100A6000B4E70CF1FF3C0023BCF1FF3F4EF8043B20
:100A700005F10105A6F104067FF473AF91E7689BC9
:100A8000032BA3D1002C00F08C8008EB840595ED9E
:100A9000007AA0002B46294671ED017AF0EE476AF4
:100AA00037EE277A884577EEC77A81ED007A77EEC0
:100AB000A67AC1ED017AEFD1012C72D095ED007AC2
:100AC00008F1040173ED017AF0EE476A37EE277AF8
:100AD000994277EEC77A83ED007A77EEA67AC3ED76
:100AE000017AEFD1031DDFED367A434408F108089F
:100AF00033ED017A984577EE877AF9D15346DDEDEB
:100B0000326A9DED337A73B9C2ED006A82ED017AE3
:100B1000C2ED027A5AE7FDEEC07A1C4617EE901A33
:100B20004BF82310F5E6F1EE666AB1EE477AF1EE86
:100B3000677AC2ED006A82ED017AC2ED027A45E77A
:100B4000F1EE476A77EEC77AC2ED006A002C7FF4B7
:100B500078AF81E7F1EE677A36E7012815D00228F1
:100B60007FF4B4AE0EF03F034BF82130AEE6689B45
:100B7000022B12DC002B17DC7FF428AFDFED107A9C
:100B80001EE7039B4FEA830830E50EF07F03022A3D
:100B90004BF821307FF48FAD9BE6689B032B7FF4ED
:100BA00015AFDFED077AA9E75346DDED327A1BB1C9
:100BB0004FF0004313604FE7002313604EE700BF80
:100BC00000000000F415010810EE103A33F0004167
:100BD0001A4625D0B1F1FF4F1FD213F0FF4F20D19D
:100BE000DFED297A294A60EE277A904217EE903A93
:100BF00031DB4CF2503CC3F3C75160451A46A1F1BA
:100C0000190114DD002BDFED227A9FED210AB8BF18
:100C1000DFED207A27EE800A704730EE000A704739
:100C200070474CF2503C60454FEAD151EADC014438
:100C3000FE29E7DC002915DC11F1160F19DB19314B
:100C400022F0FF4242EAC15207EE902A9FED120ABB
:100C500027EE800A7047DFED117A07EE103A27EE93
:100C6000270A704722F0FF4242EAC15300EE103AD1
:100C70007047002BDFED097A9FED080AB8BFDFED62
:100C8000087A27EE800A70470000004CB03CFFFF56
:100C9000CAF24971CAF249F1000000336042A20D64
:100CA0006042A28D10EE102AC2F3C7537F3B162B71
:100CB00022F000411BDC002B10461EDB1A491941B3
:100CC0000A4223D0DFED197A70EE277AF5EEC07A6A
:100CD000F1EE10FA1ADD002A04DA4FF4000242FAAB
:100CE00003F3184420EA010300EE103A7047B1F113
:100CF000FF4F0BD330EE000A7047DFED0C7A70EE39
:100D0000277AF5EEC07AF1EE10FA00DC7047002A7F
:100D100002DB9FED070A704711B99FED060A704785
:100D2000BFEE000AF2E700BFFFFF7F00CAF2497181
:100D30000000000000000080F8B500BFF8BC08BC4F
:100D40009E467047F8B500BFF8BC08BC9E46704789
:100D50003A00000050494400414E470059414E4777
:100D600000000000594157004D53473A5550444147
:100D700054454420257320503D252E33660A00003B
:100D80004F464C4F570000004D53473A4F464C4F8B
:100D9000572056783D252E32662056793D252E3235
:100DA0006620513D252E32660A0000004F4652450E
:100DB000534554007B22726F6C6C223A252E3166AB
:100DC0002C227069746368223A252E31662C2279B0
:100DD0006177223A252E31662C2276223A252E3151
:100DE000667D0A000AD7A33CCDCC4C3D0000000034
:100DF00000000000010203040607080900000000CB
:100E00000102030400061016000610162E006E667E
:100E100000696E69747900616E005245454E542038
:100E20006D616C6C6F632073756363656564656485
:100E3000002F6275696C642F676E752D746F6F6C0F
:100E4000732D666F722D73746D33325F31342E33B0
:100E50002E72656C312E32303235313032372D30D2
:100E60003730302F7372632F6E65776C69622F6E27
:100E700065776C69622F6C6962632F737472696E37
:100E8000672F737472746F6B2E63004300504F535F
:100E90004958002C2066756E6374696F6E3A2000A5
:100EA000617373657274696F6E20222573222066E8
:100EB00061696C65643A2066696C6520222573223D
:100EC0002C206C696E65202564257325730A004209
:100ED000616C6C6F63207375636365656465640042
:100EE0002F6275696C642F676E752D746F6F6C73EC
:100EF0002D666F722D73746D33325F31342E332E45
:100F000072656C312E32303235313032372D303718
:100F100030302F7372632F6E65776C69622F6E6548
:100F2000776C69622F6C6962632F7374646C696299
:100F30002F6764746F612D6765746865782E630030
:100F40002F6275696C642F676E752D746F6F6C738B
:100F50002D666F722D73746D33325F31342E332EE4
:100F600072656C312E32303235313032372D3037B8
:100F700030302F7372632F6E65776C69622F6E65E8
:100F8000776C69622F6C6962632F7374646C696239
:100F90002F6D707265632E6300232D302B20006847
:100FA0006C4C006566674546470030313233343556
:100FB00036373839414243444546003031323334C4
:100FC0003536373839616263646566003400000085
:100FD000CEFBFFFFCB03000001000000000000007B
:100FE00035000000CEFBFFFFCB0300000100000036
:100FF0000000000000000000BC89D897B2D29C3CE1
:1010000033A7A8D523F649393DA7F444FD0FA532EF
:101010009D978CCF08BA5B25436FAC642806681196
:1010200000202020202020202020282828282820B8
:1010300020202020202020202020202020202020B0
:101040002088101010101010101010101010101018
:101050001004040404040404040404101010101008
:1010600010104141414141410101010101010101D2
:101070000101010101010101010101011010101024
:1010800010104242424242420202020202020202A4
:1010900002020202020202020202020210101010F8
:1010A0002000000000000000000000000000000020
:1010B0000000000000000000000000000000000030
:1010C0000000000000000000000000000000000020
:1010D0000000000000000000000000000000000010
:1010E0000000000000000000000000000000000000
:1010F00000000000000000000000000000000000F0
:1011000000000000000000000000000000000000DF
:1011100000000000000000000000000000000000CF
:101120000000000005000000190000007D00000024
:101130000080E03779C34143176E05B5B5B89346D3
:10114000F5F93FE9034F384D321D30F94877825A9F
:101150003CBF737FDD4F1575000000000000F03FBD
:101160000000000000002440000000000000594082
:101170000000000000408F40000000000088C340D5
:1011800000000000006AF8400000000080842E414A
:1011900000000000D01263410000000084D7974196
:1011A0000000000065CDCD41000000205FA002429C
:1011B000000000E876483742000000A2941A6D4211
:1011C000000040E59C30A2420000901EC4BCD64204
:1011D00000003426F56B0C430080E03779C34143AF
:1011E00000A0D8855734764300C84E676DC1AB4325
:1011F000003D9160E458E143408CB5781DAF154443
:1012000050EFE2D6E41A4B4492D54D06CFF080441D
:10121000F64AE1C7022DB544B49DD9794378EA4432
:101220000000000000000080DB0F4940DB0F49C0D8
:10123000DB0F49BFE4CB1640E4CB16C0000FC93F1B
:10124000000F494000CB9640000FC9400053FB40BF
:1012500000CB164100ED2F41000F494100316241A2
:1012600000537B41003A8A4100CB9641005CA34188
:1012700000EDAF41007EBC41000FC94100A0D54147
:101280000031E24100C2EE410053FB4100F2034253
:10129000003A0A420083104200CB164200141D425D
:1012A000005C234200A5294200ED2F420036364261
:1012B000007E3C4200C74242000F4942A2000000AB
:1012C000F9000000830000006E0000004E000000E6
:1012D000440000001500000029000000FC00000090
:1012E0002700000057000000D1000000F5000000BA
:1012F00034000000DD000000C0000000DB00000042
:101300006200000095000000990000003C00000011
:10131000430000009000000041000000FE000000BB
:101320005100000063000000AB000000DE00000080
:10133000BB000000C500000061000000B700000015
:10134000240000006E0000003A000000420000008F
:101350004D000000D2000000E00000000600000088
:10136000490000002E000000EA0000000900000013
:10137000D1000000920000001C000000FE000000F0
:101380001D000000EB0000001C000000B100000088
:1013900029000000A70000003E000000E800000057
:1013A0008200000035000000F50000002E00000063
:1013B000BB0000004400000084000000E9000000C1
:1013C0009C0000007000000026000000B400000037
:1013D0005F0000007E0000004100000039000000B6
:1013E00091000000D60000003900000083000000DA
:1013F0005300000039000000F40000009C000000D1
:10140000840000005F0000008B000000BD000000B1
:10141000F9000000280000003B0000001F00000051
:10142000F800000097000000FF000000DE00000050
:1014300005000000980000000F000000EF00000011
:101440002F000000110000008B0000005A00000077
:101450000A0000006D0000001F0000006D00000089
:10146000360000007E000000CF00000027000000D2
:10147000CB00000009000000B70000004F00000092
:10148000460000003F000000660000009E000000D3
:101490005F000000EA0000002D0000007500000061
:1014A00027000000BA000000C7000000EB000000A9
:1014B000E5000000F10000007B0000003D0000009E
:1014C0000700000039000000F70000008A0000005B
:1014D0005200000092000000EA0000006B000000D3
:1014E000FB0000005F000000B10000001F000000D2
:1014F0008D0000005D0000000800000056000000A4
:10150000030000003000000046000000FC00000066
:101510007B0000006B000000AB000000F00000004A
:10152000CF000000BC000000200000009A00000076
:10153000F4000000360000001D000000A9000000BB
:10154000E300000091000000610000005E00000068
:10155000E60000001B00000008000000650000001D
:1015600099000000850000005F00000014000000EA
:10157000A000000068000000400000008D00000096
:10158000FF000000D8000000800000004D000000B7
:10159000730000002700000031000000060000007A
:1015A000060000001500000056000000CA00000000
:1015B00073000000A8000000C900000060000000E7
:1015C000E20000007B000000C00000008C00000072
:1015D0006B0000006937AC3168212233B40F14333B
:1015E0006821A2333863ED3EDA0F493F5E987B3FB6
:1015F000DA0FC93F0000C93F0000F0390000DA37B8
:101600000000A2330000842E0000502B0000C227EF
:101610000000D0220000C41F0000C61B00004417B9
:0C162000040000000700000009000000AA
:08162C00B4EBFE7F0100000099
:04163400C5010008E4
:04163800A101000804
:10163C00CDCC8C3F0AD7A33D000000000000000079
:10164C00000000000000000000000000000000008E
:10165C0000000000000000009A99593FCDCC4C3F8F
:10166C003333B33E0000803E00000000CDCC8C3FF5
:10167C000AD7A33D0000000000000000000000009D
:10168C00000000000000000000000000000000004E
:10169C00000000009A99593FCDCC4C3F3333B33EF8
:1016AC000000803E000000006666A6403333933F86
:1016BC000AD7233D000000000000000000000000DD
:1016CC00000000000000000000000000000000000E
:1016DC0085EB513F000000410000604000000040DD
:1016EC00000000006666A6403333933F0AD7233DC3
:1016FC0000000000000000000000000000000000DE
:10170C0000000000000000000000000085EB513FCD
:10171C00000000410000604000000040000000009C
:10172C0001000000040000000000803F00000000E9
:10173C00000000000000000000000000000000009D
:10174C000000000088169940D0CC5CC02085EB408E
:10175C00ACE56F3F6B45743FD5A7903F0000000090
:10176C0088130000A4707D3FA4707D3F8FC2753F2D
:10177C00000000000000000000000000000000005D
:10178C00000000000000000000000000000000004D
:10179C00000000000000000000000000000000003D
:1017AC00000000000000000000000000000000002D
:1017BC0000000000000000008FC2E7C10000000024
:1017CC00000000006F7001BF4774333F85EBA13FF1
:1017DC00ED66E63DCDCC4C3D000000000000000065
:1017EC0000000000000000000000000000000000ED
:1017FC00AE47613F0000C843000096420000B44170
:10180C00000000004774333F85EBA13FED66E63DD9
:10181C00CDCC4C3D0000000000000000000000009A
:10182C00000000000000000000000000AE47613F17
:10183C000000C843000096420000B44100000000C4
:10184C00895EBA3F5454B33FE6070E3ECDCC4C3DB7
:10185C00000000000000000000000000000000007C
:10186C000000000000000000AE47613F0000C843CC
:10187C00000096420000B441000000009A99D93F44
:10188C004260E53B6666E63F000000000000000099
:10189C00000000000000000000000000000000003C
:1018AC0000000000AE47613F00001643000082427A
:1018BC000000B441000000009A99D93F4260E53B1A
:1018CC006666E63F0000000000000000000000001B
:1018DC0000000000000000000000000000000000FC
:1018EC00AE47613F00001643000082420000B44145
:1018FC00000000000000C03F6F12833A000000009F
:10190C0000000000000000000000000000000000CB
:10191C00000000000000000000000000AE47613F26
:10192C000000F042000070420000B44100000000D2
:10193C000100000000007A449A9931410024F4001F
:10194C001000000001000000000000000300000077
:10195C00200E0020430000000000000000000000EA
:10196C00000000000000000000000000000000006B
:10197C000000000043000000000000000000000018
:10198C00000000000000000000000000000000004B
:10199C0000000000430000000000000000000000F8
:1019AC00000000000000000000000000000000002B
:1019BC0000000000430000000000000000000000D8
:1019CC00000000000000000000000000000000000B
:1019DC0000000000430000000000000000000000B8
:1019EC0000000000000000000000000000000000EB
:1019FC000000000043000000000000000000000098
:101A0C0000000000000000000000000000000000CA
:101A1C000000000043000000000000000000000077
:101A2C0000000000000000000000000000000000AA
:101A3C000000000035ED000889E3000800000000FC
:101A4C00201001080C0E0108CE0E0108CE0E010864
:101A5C00CE0E0108CE0E0108CE0E0108CE0E0108E6
:101A6C00CE0E0108CE0E0108CE0E0108FFFFFFFFBF
:101A7C00FFFFFFFFFFFFFFFFFFFF000001004153CF
:101A8C004349490000000000000000000000000075
:101A9C0000000000000000000000000000004153A6
:101AAC004349490000000000000000000000000055
:101ABC00000000000000000000000000000000001A
:101ACC009404002000000000200E0020880E00204E
:101ADC00F00E0020000000000000000000000000DC
:101AEC0000000000000000000000000000000000EA
:101AFC0000000000000000000000000000000000DA
:101B0C0000000000000000000000000000000000C9
:040000050800C91511
:00000001FF
